project_id,case_submitter_id,case_id,sample_submitter_ids,sample_types,file_id,file_name,gene,entrez_gene_id,center,ncbi_build,chromosome,start_position,end_position,strand,variant_classification,variant_type,reference_allele,tumor_seq_allele1,tumor_seq_allele2,dbsnp_rs,tumor_sample_barcode,matched_norm_sample_barcode,hgvsc,hgvsp,hgvsp_short,transcript_id,exon_number,t_depth,t_ref_count,t_alt_count,n_depth,n_ref_count,n_alt_count,filter
TCGA-LUAD,TCGA-86-7954,079ae0b3-b64b-4b8e-ab7d-225b8046568c,TCGA-86-7954-10A; TCGA-86-7954-01A,Blood Derived Normal; Primary Tumor,2ff606b8-6f4d-4b67-9cbb-f3c9ac6755bc,782eaec0-34e1-4561-a190-2355811282e9.wxs.aliquot_ensemble_masked.maf.gz,PRAMEF4,400735,BI,GRCh38,chr1,12882045,12882045,+,Silent,SNP,T,T,C,,TCGA-86-7954-01A-11D-2184-08,TCGA-86-7954-10A-01D-2184-08,c.684A>G,p.Pro228=,p.P228=,ENST00000235349,3/4,343,284,59,477,,,
TCGA-LUAD,TCGA-86-7954,079ae0b3-b64b-4b8e-ab7d-225b8046568c,TCGA-86-7954-10A; TCGA-86-7954-01A,Blood Derived Normal; Primary Tumor,2ff606b8-6f4d-4b67-9cbb-f3c9ac6755bc,782eaec0-34e1-4561-a190-2355811282e9.wxs.aliquot_ensemble_masked.maf.gz,WDTC1,23038,BI,GRCh38,chr1,27306317,27306318,+,Frame_Shift_Ins,INS,-,-,G,novel,TCGA-86-7954-01A-11D-2184-08,TCGA-86-7954-10A-01D-2184-08,c.1973dup,p.Ala659CysfsTer5,p.A659Cfs*5,ENST00000319394,16/16,97,85,12,98,,,
TCGA-LUAD,TCGA-86-7954,079ae0b3-b64b-4b8e-ab7d-225b8046568c,TCGA-86-7954-10A; TCGA-86-7954-01A,Blood Derived Normal; Primary Tumor,2ff606b8-6f4d-4b67-9cbb-f3c9ac6755bc,782eaec0-34e1-4561-a190-2355811282e9.wxs.aliquot_ensemble_masked.maf.gz,FAM151A,338094,BI,GRCh38,chr1,54616020,54616020,+,Missense_Mutation,SNP,C,C,T,,TCGA-86-7954-01A-11D-2184-08,TCGA-86-7954-10A-01D-2184-08,c.415G>A,p.Gly139Ser,p.G139S,ENST00000302250,3/8,39,31,8,25,,,
TCGA-LUAD,TCGA-86-7954,079ae0b3-b64b-4b8e-ab7d-225b8046568c,TCGA-86-7954-10A; TCGA-86-7954-01A,Blood Derived Normal; Primary Tumor,2ff606b8-6f4d-4b67-9cbb-f3c9ac6755bc,782eaec0-34e1-4561-a190-2355811282e9.wxs.aliquot_ensemble_masked.maf.gz,LEPROT,54741,BI,GRCh38,chr1,65429893,65429893,+,Missense_Mutation,SNP,C,C,T,,TCGA-86-7954-01A-11D-2184-08,TCGA-86-7954-10A-01D-2184-08,c.124C>T,p.His42Tyr,p.H42Y,ENST00000371065,3/4,243,207,36,321,,,
TCGA-LUAD,TCGA-86-7954,079ae0b3-b64b-4b8e-ab7d-225b8046568c,TCGA-86-7954-10A; TCGA-86-7954-01A,Blood Derived Normal; Primary Tumor,2ff606b8-6f4d-4b67-9cbb-f3c9ac6755bc,782eaec0-34e1-4561-a190-2355811282e9.wxs.aliquot_ensemble_masked.maf.gz,LEPR,3953,BI,GRCh38,chr1,65592708,65592708,+,Silent,SNP,G,G,A,,TCGA-86-7954-01A-11D-2184-08,TCGA-86-7954-10A-01D-2184-08,c.546G>A,p.Gln182=,p.Q182=,ENST00000349533,6/20,94,79,15,113,,,
TCGA-LUAD,TCGA-86-7954,079ae0b3-b64b-4b8e-ab7d-225b8046568c,TCGA-86-7954-10A; TCGA-86-7954-01A,Blood Derived Normal; Primary Tumor,2ff606b8-6f4d-4b67-9cbb-f3c9ac6755bc,782eaec0-34e1-4561-a190-2355811282e9.wxs.aliquot_ensemble_masked.maf.gz,MSH4,4438,BI,GRCh38,chr1,75897979,75897979,+,Missense_Mutation,SNP,A,A,G,rs111548015,TCGA-86-7954-01A-11D-2184-08,TCGA-86-7954-10A-01D-2184-08,c.2428A>G,p.Met810Val,p.M810V,ENST00000263187,18/20,77,60,17,114,,,
TCGA-LUAD,TCGA-86-7954,079ae0b3-b64b-4b8e-ab7d-225b8046568c,TCGA-86-7954-10A; TCGA-86-7954-01A,Blood Derived Normal; Primary Tumor,2ff606b8-6f4d-4b67-9cbb-f3c9ac6755bc,782eaec0-34e1-4561-a190-2355811282e9.wxs.aliquot_ensemble_masked.maf.gz,COL11A1,1301,BI,GRCh38,chr1,103078835,103078835,+,Missense_Mutation,SNP,G,G,C,,TCGA-86-7954-01A-11D-2184-08,TCGA-86-7954-10A-01D-2184-08,c.311C>G,p.Thr104Arg,p.T104R,ENST00000370096,3/67,29,19,10,22,,,
TCGA-LUAD,TCGA-86-7954,079ae0b3-b64b-4b8e-ab7d-225b8046568c,TCGA-86-7954-10A; TCGA-86-7954-01A,Blood Derived Normal; Primary Tumor,2ff606b8-6f4d-4b67-9cbb-f3c9ac6755bc,782eaec0-34e1-4561-a190-2355811282e9.wxs.aliquot_ensemble_masked.maf.gz,ALX3,257,BI,GRCh38,chr1,110064594,110064594,+,Missense_Mutation,SNP,C,C,T,,TCGA-86-7954-01A-11D-2184-08,TCGA-86-7954-10A-01D-2184-08,c.587G>A,p.Arg196Gln,p.R196Q,ENST00000647563,2/4,51,39,12,55,,,
TCGA-LUAD,TCGA-86-7954,079ae0b3-b64b-4b8e-ab7d-225b8046568c,TCGA-86-7954-10A; TCGA-86-7954-01A,Blood Derived Normal; Primary Tumor,2ff606b8-6f4d-4b67-9cbb-f3c9ac6755bc,782eaec0-34e1-4561-a190-2355811282e9.wxs.aliquot_ensemble_masked.maf.gz,HORMAD1,84072,BI,GRCh38,chr1,150719471,150719471,+,Splice_Site,SNP,A,A,C,,TCGA-86-7954-01A-11D-2184-08,TCGA-86-7954-10A-01D-2184-08,c.33+2T>G,,p.X11_splice,ENST00000361824,,86,68,17,112,,,
TCGA-LUAD,TCGA-86-7954,079ae0b3-b64b-4b8e-ab7d-225b8046568c,TCGA-86-7954-10A; TCGA-86-7954-01A,Blood Derived Normal; Primary Tumor,2ff606b8-6f4d-4b67-9cbb-f3c9ac6755bc,782eaec0-34e1-4561-a190-2355811282e9.wxs.aliquot_ensemble_masked.maf.gz,RFX5,5993,BI,GRCh38,chr1,151343819,151343819,+,Frame_Shift_Del,DEL,G,G,-,novel,TCGA-86-7954-01A-11D-2184-08,TCGA-86-7954-10A-01D-2184-08,c.619del,p.Leu207Ter,p.L207*,ENST00000290524,9/11,177,161,16,147,,,
TCGA-LUAD,TCGA-86-7954,079ae0b3-b64b-4b8e-ab7d-225b8046568c,TCGA-86-7954-10A; TCGA-86-7954-01A,Blood Derived Normal; Primary Tumor,2ff606b8-6f4d-4b67-9cbb-f3c9ac6755bc,782eaec0-34e1-4561-a190-2355811282e9.wxs.aliquot_ensemble_masked.maf.gz,INSRR,3645,BI,GRCh38,chr1,156845633,156845633,+,Silent,SNP,C,C,T,,TCGA-86-7954-01A-11D-2184-08,TCGA-86-7954-10A-01D-2184-08,c.2160G>A,p.Ala720=,p.A720=,ENST00000368195,10/22,59,53,6,57,,,
TCGA-LUAD,TCGA-86-7954,079ae0b3-b64b-4b8e-ab7d-225b8046568c,TCGA-86-7954-10A; TCGA-86-7954-01A,Blood Derived Normal; Primary Tumor,2ff606b8-6f4d-4b67-9cbb-f3c9ac6755bc,782eaec0-34e1-4561-a190-2355811282e9.wxs.aliquot_ensemble_masked.maf.gz,KCNT2,343450,BI,GRCh38,chr1,196258428,196258428,+,Missense_Mutation,SNP,G,G,T,rs1440122635,TCGA-86-7954-01A-11D-2184-08,TCGA-86-7954-10A-01D-2184-08,c.2977C>A,p.Arg993Ser,p.R993S,ENST00000294725,26/28,194,129,64,143,,,
TCGA-LUAD,TCGA-86-7954,079ae0b3-b64b-4b8e-ab7d-225b8046568c,TCGA-86-7954-10A; TCGA-86-7954-01A,Blood Derived Normal; Primary Tumor,2ff606b8-6f4d-4b67-9cbb-f3c9ac6755bc,782eaec0-34e1-4561-a190-2355811282e9.wxs.aliquot_ensemble_masked.maf.gz,CFH,3075,BI,GRCh38,chr1,196736898,196736898,+,Missense_Mutation,SNP,C,C,T,rs62641696,TCGA-86-7954-01A-11D-2184-08,TCGA-86-7954-10A-01D-2184-08,c.2488C>T,p.Arg830Trp,p.R830W,ENST00000367429,16/22,90,68,22,90,,,
TCGA-LUAD,TCGA-86-7954,079ae0b3-b64b-4b8e-ab7d-225b8046568c,TCGA-86-7954-10A; TCGA-86-7954-01A,Blood Derived Normal; Primary Tumor,2ff606b8-6f4d-4b67-9cbb-f3c9ac6755bc,782eaec0-34e1-4561-a190-2355811282e9.wxs.aliquot_ensemble_masked.maf.gz,CFHR5,81494,BI,GRCh38,chr1,197008630,197008630,+,Missense_Mutation,SNP,C,C,A,,TCGA-86-7954-01A-11D-2184-08,TCGA-86-7954-10A-01D-2184-08,c.1657C>A,p.Pro553Thr,p.P553T,ENST00000256785,10/10,126,96,30,142,,,
TCGA-LUAD,TCGA-86-7954,079ae0b3-b64b-4b8e-ab7d-225b8046568c,TCGA-86-7954-10A; TCGA-86-7954-01A,Blood Derived Normal; Primary Tumor,2ff606b8-6f4d-4b67-9cbb-f3c9ac6755bc,782eaec0-34e1-4561-a190-2355811282e9.wxs.aliquot_ensemble_masked.maf.gz,CRB1,23418,BI,GRCh38,chr1,197328844,197328844,+,Missense_Mutation,SNP,G,G,C,,TCGA-86-7954-01A-11D-2184-08,TCGA-86-7954-10A-01D-2184-08,c.493G>C,p.Asp165His,p.D165H,ENST00000367400,2/12,47,39,8,44,,,
TCGA-LUAD,TCGA-86-7954,079ae0b3-b64b-4b8e-ab7d-225b8046568c,TCGA-86-7954-10A; TCGA-86-7954-01A,Blood Derived Normal; Primary Tumor,2ff606b8-6f4d-4b67-9cbb-f3c9ac6755bc,782eaec0-34e1-4561-a190-2355811282e9.wxs.aliquot_ensemble_masked.maf.gz,KCNH1,3756,BI,GRCh38,chr1,210919744,210919744,+,Nonsense_Mutation,SNP,G,G,T,,TCGA-86-7954-01A-11D-2184-08,TCGA-86-7954-10A-01D-2184-08,c.1358C>A,p.Ser453Ter,p.S453*,ENST00000271751,7/11,119,95,24,135,,,
TCGA-LUAD,TCGA-86-7954,079ae0b3-b64b-4b8e-ab7d-225b8046568c,TCGA-86-7954-10A; TCGA-86-7954-01A,Blood Derived Normal; Primary Tumor,2ff606b8-6f4d-4b67-9cbb-f3c9ac6755bc,782eaec0-34e1-4561-a190-2355811282e9.wxs.aliquot_ensemble_masked.maf.gz,RD3,343035,BI,GRCh38,chr1,211481329,211481329,+,Silent,SNP,A,A,G,rs1188420700,TCGA-86-7954-01A-11D-2184-08,TCGA-86-7954-10A-01D-2184-08,c.87T>C,p.Leu29=,p.L29=,ENST00000367002,2/3,139,112,27,107,,,
TCGA-LUAD,TCGA-86-7954,079ae0b3-b64b-4b8e-ab7d-225b8046568c,TCGA-86-7954-10A; TCGA-86-7954-01A,Blood Derived Normal; Primary Tumor,2ff606b8-6f4d-4b67-9cbb-f3c9ac6755bc,782eaec0-34e1-4561-a190-2355811282e9.wxs.aliquot_ensemble_masked.maf.gz,USH2A,7399,BI,GRCh38,chr1,215650774,215650774,+,Missense_Mutation,SNP,C,C,A,,TCGA-86-7954-01A-11D-2184-08,TCGA-86-7954-10A-01D-2184-08,c.14161G>T,p.Ala4721Ser,p.A4721S,ENST00000307340,65/72,141,104,36,139,,,
TCGA-LUAD,TCGA-86-7954,079ae0b3-b64b-4b8e-ab7d-225b8046568c,TCGA-86-7954-10A; TCGA-86-7954-01A,Blood Derived Normal; Primary Tumor,2ff606b8-6f4d-4b67-9cbb-f3c9ac6755bc,782eaec0-34e1-4561-a190-2355811282e9.wxs.aliquot_ensemble_masked.maf.gz,OR2T4,127074,BI,GRCh38,chr1,248362377,248362377,+,Missense_Mutation,SNP,G,G,T,,TCGA-86-7954-01A-11D-2184-08,TCGA-86-7954-10A-01D-2184-08,c.797G>T,p.Arg266Leu,p.R266L,ENST00000366475,1/1,148,109,39,164,,,
TCGA-LUAD,TCGA-86-7954,079ae0b3-b64b-4b8e-ab7d-225b8046568c,TCGA-86-7954-10A; TCGA-86-7954-01A,Blood Derived Normal; Primary Tumor,2ff606b8-6f4d-4b67-9cbb-f3c9ac6755bc,782eaec0-34e1-4561-a190-2355811282e9.wxs.aliquot_ensemble_masked.maf.gz,MYT1L,23040,BI,GRCh38,chr2,1839170,1839170,+,Frame_Shift_Del,DEL,C,C,-,novel,TCGA-86-7954-01A-11D-2184-08,TCGA-86-7954-10A-01D-2184-08,c.3053del,p.Gly1018AlafsTer19,p.G1018Afs*19,ENST00000399161,21/25,20,16,3,34,,,
TCGA-LUAD,TCGA-86-7954,079ae0b3-b64b-4b8e-ab7d-225b8046568c,TCGA-86-7954-10A; TCGA-86-7954-01A,Blood Derived Normal; Primary Tumor,2ff606b8-6f4d-4b67-9cbb-f3c9ac6755bc,782eaec0-34e1-4561-a190-2355811282e9.wxs.aliquot_ensemble_masked.maf.gz,APOB,338,BI,GRCh38,chr2,21010822,21010822,+,Missense_Mutation,SNP,C,C,A,rs755811872,TCGA-86-7954-01A-11D-2184-08,TCGA-86-7954-10A-01D-2184-08,c.6046G>T,p.Asp2016Tyr,p.D2016Y,ENST00000233242,26/29,114,77,37,150,,,
TCGA-LUAD,TCGA-86-7954,079ae0b3-b64b-4b8e-ab7d-225b8046568c,TCGA-86-7954-10A; TCGA-86-7954-01A,Blood Derived Normal; Primary Tumor,2ff606b8-6f4d-4b67-9cbb-f3c9ac6755bc,782eaec0-34e1-4561-a190-2355811282e9.wxs.aliquot_ensemble_masked.maf.gz,FAM166C,339778,BI,GRCh38,chr2,26576147,26576147,+,Missense_Mutation,SNP,G,G,T,,TCGA-86-7954-01A-11D-2184-08,TCGA-86-7954-10A-01D-2184-08,c.320G>T,p.Arg107Leu,p.R107L,ENST00000329615,2/4,116,102,14,110,,,
TCGA-LUAD,TCGA-86-7954,079ae0b3-b64b-4b8e-ab7d-225b8046568c,TCGA-86-7954-10A; TCGA-86-7954-01A,Blood Derived Normal; Primary Tumor,2ff606b8-6f4d-4b67-9cbb-f3c9ac6755bc,782eaec0-34e1-4561-a190-2355811282e9.wxs.aliquot_ensemble_masked.maf.gz,BABAM2,9577,BI,GRCh38,chr2,27988034,27988034,+,Missense_Mutation,SNP,G,G,A,rs1558639513,TCGA-86-7954-01A-11D-2184-08,TCGA-86-7954-10A-01D-2184-08,c.247G>A,p.Asp83Asn,p.D83N,ENST00000342045,5/13,386,355,30,512,,,
TCGA-LUAD,TCGA-86-7954,079ae0b3-b64b-4b8e-ab7d-225b8046568c,TCGA-86-7954-10A; TCGA-86-7954-01A,Blood Derived Normal; Primary Tumor,2ff606b8-6f4d-4b67-9cbb-f3c9ac6755bc,782eaec0-34e1-4561-a190-2355811282e9.wxs.aliquot_ensemble_masked.maf.gz,IL36RN,26525,BI,GRCh38,chr2,113062226,113062226,+,Missense_Mutation,SNP,G,G,C,,TCGA-86-7954-01A-11D-2184-08,TCGA-86-7954-10A-01D-2184-08,c.218G>C,p.Gly73Ala,p.G73A,ENST00000346807,4/5,135,124,11,171,,,
TCGA-LUAD,TCGA-86-7954,079ae0b3-b64b-4b8e-ab7d-225b8046568c,TCGA-86-7954-10A; TCGA-86-7954-01A,Blood Derived Normal; Primary Tumor,2ff606b8-6f4d-4b67-9cbb-f3c9ac6755bc,782eaec0-34e1-4561-a190-2355811282e9.wxs.aliquot_ensemble_masked.maf.gz,SAP130,79595,BI,GRCh38,chr2,127942065,127942065,+,Missense_Mutation,SNP,G,G,T,,TCGA-86-7954-01A-11D-2184-08,TCGA-86-7954-10A-01D-2184-08,c.3088C>A,p.Leu1030Ile,p.L1030I,ENST00000259235,20/20,102,96,6,123,,,
TCGA-LUAD,TCGA-86-7954,079ae0b3-b64b-4b8e-ab7d-225b8046568c,TCGA-86-7954-10A; TCGA-86-7954-01A,Blood Derived Normal; Primary Tumor,2ff606b8-6f4d-4b67-9cbb-f3c9ac6755bc,782eaec0-34e1-4561-a190-2355811282e9.wxs.aliquot_ensemble_masked.maf.gz,SCN7A,6332,BI,GRCh38,chr2,166441699,166441699,+,Nonsense_Mutation,SNP,C,C,T,,TCGA-86-7954-01A-11D-2184-08,TCGA-86-7954-10A-01D-2184-08,c.1854G>A,p.Trp618Ter,p.W618*,ENST00000643258,15/26,88,64,24,93,,,
TCGA-LUAD,TCGA-86-7954,079ae0b3-b64b-4b8e-ab7d-225b8046568c,TCGA-86-7954-10A; TCGA-86-7954-01A,Blood Derived Normal; Primary Tumor,2ff606b8-6f4d-4b67-9cbb-f3c9ac6755bc,782eaec0-34e1-4561-a190-2355811282e9.wxs.aliquot_ensemble_masked.maf.gz,TRIP12,9320,BI,GRCh38,chr2,229777375,229777375,+,Silent,SNP,T,T,C,,TCGA-86-7954-01A-11D-2184-08,TCGA-86-7954-10A-01D-2184-08,c.5244A>G,p.Ser1748=,p.S1748=,ENST00000283943,36/41,151,133,18,236,,,
TCGA-LUAD,TCGA-86-7954,079ae0b3-b64b-4b8e-ab7d-225b8046568c,TCGA-86-7954-10A; TCGA-86-7954-01A,Blood Derived Normal; Primary Tumor,2ff606b8-6f4d-4b67-9cbb-f3c9ac6755bc,782eaec0-34e1-4561-a190-2355811282e9.wxs.aliquot_ensemble_masked.maf.gz,MAGI1,9223,BI,GRCh38,chr3,65356649,65356649,+,Missense_Mutation,SNP,G,G,A,rs1267352369,TCGA-86-7954-01A-11D-2184-08,TCGA-86-7954-10A-01D-2184-08,c.4118C>T,p.Ser1373Phe,p.S1373F,ENST00000402939,23/23,37,33,4,52,,,
TCGA-LUAD,TCGA-86-7954,079ae0b3-b64b-4b8e-ab7d-225b8046568c,TCGA-86-7954-10A; TCGA-86-7954-01A,Blood Derived Normal; Primary Tumor,2ff606b8-6f4d-4b67-9cbb-f3c9ac6755bc,782eaec0-34e1-4561-a190-2355811282e9.wxs.aliquot_ensemble_masked.maf.gz,LRIG1,26018,BI,GRCh38,chr3,66386082,66386082,+,Missense_Mutation,SNP,T,T,G,,TCGA-86-7954-01A-11D-2184-08,TCGA-86-7954-10A-01D-2184-08,c.1688A>C,p.His563Pro,p.H563P,ENST00000273261,13/19,81,69,12,130,,,
TCGA-LUAD,TCGA-86-7954,079ae0b3-b64b-4b8e-ab7d-225b8046568c,TCGA-86-7954-10A; TCGA-86-7954-01A,Blood Derived Normal; Primary Tumor,2ff606b8-6f4d-4b67-9cbb-f3c9ac6755bc,782eaec0-34e1-4561-a190-2355811282e9.wxs.aliquot_ensemble_masked.maf.gz,OR5AC2,81050,BI,GRCh38,chr3,98087681,98087681,+,Missense_Mutation,SNP,T,T,A,,TCGA-86-7954-01A-11D-2184-08,TCGA-86-7954-10A-01D-2184-08,c.509T>A,p.Phe170Tyr,p.F170Y,ENST00000358642,1/1,102,90,12,136,,,
TCGA-LUAD,TCGA-86-7954,079ae0b3-b64b-4b8e-ab7d-225b8046568c,TCGA-86-7954-10A; TCGA-86-7954-01A,Blood Derived Normal; Primary Tumor,2ff606b8-6f4d-4b67-9cbb-f3c9ac6755bc,782eaec0-34e1-4561-a190-2355811282e9.wxs.aliquot_ensemble_masked.maf.gz,IFT57,55081,BI,GRCh38,chr3,108219573,108219573,+,Splice_Site,SNP,C,C,G,,TCGA-86-7954-01A-11D-2184-08,TCGA-86-7954-10A-01D-2184-08,c.213-1G>C,,p.X71_splice,ENST00000264538,,102,86,15,101,,,
TCGA-LUAD,TCGA-86-7954,079ae0b3-b64b-4b8e-ab7d-225b8046568c,TCGA-86-7954-10A; TCGA-86-7954-01A,Blood Derived Normal; Primary Tumor,2ff606b8-6f4d-4b67-9cbb-f3c9ac6755bc,782eaec0-34e1-4561-a190-2355811282e9.wxs.aliquot_ensemble_masked.maf.gz,BTLA,151888,BI,GRCh38,chr3,112479560,112479560,+,Missense_Mutation,SNP,G,G,C,,TCGA-86-7954-01A-11D-2184-08,TCGA-86-7954-10A-01D-2184-08,c.298C>G,p.Leu100Val,p.L100V,ENST00000334529,2/5,96,88,7,179,,,
TCGA-LUAD,TCGA-86-7954,079ae0b3-b64b-4b8e-ab7d-225b8046568c,TCGA-86-7954-10A; TCGA-86-7954-01A,Blood Derived Normal; Primary Tumor,2ff606b8-6f4d-4b67-9cbb-f3c9ac6755bc,782eaec0-34e1-4561-a190-2355811282e9.wxs.aliquot_ensemble_masked.maf.gz,DRD3,1814,BI,GRCh38,chr3,114131252,114131252,+,Missense_Mutation,SNP,G,G,A,rs201876283,TCGA-86-7954-01A-11D-2184-08,TCGA-86-7954-10A-01D-2184-08,c.872C>T,p.Ala291Val,p.A291V,ENST00000460779,7/8,198,169,29,234,,,
TCGA-LUAD,TCGA-86-7954,079ae0b3-b64b-4b8e-ab7d-225b8046568c,TCGA-86-7954-10A; TCGA-86-7954-01A,Blood Derived Normal; Primary Tumor,2ff606b8-6f4d-4b67-9cbb-f3c9ac6755bc,782eaec0-34e1-4561-a190-2355811282e9.wxs.aliquot_ensemble_masked.maf.gz,DTX3L,151636,BI,GRCh38,chr3,122570490,122570490,+,Silent,SNP,A,A,G,,TCGA-86-7954-01A-11D-2184-08,TCGA-86-7954-10A-01D-2184-08,c.1971A>G,p.Gly657=,p.G657=,ENST00000296161,4/5,58,52,6,114,,,
TCGA-LUAD,TCGA-86-7954,079ae0b3-b64b-4b8e-ab7d-225b8046568c,TCGA-86-7954-10A; TCGA-86-7954-01A,Blood Derived Normal; Primary Tumor,2ff606b8-6f4d-4b67-9cbb-f3c9ac6755bc,782eaec0-34e1-4561-a190-2355811282e9.wxs.aliquot_ensemble_masked.maf.gz,KALRN,8997,BI,GRCh38,chr3,124384975,124384975,+,Missense_Mutation,SNP,G,G,C,,TCGA-86-7954-01A-11D-2184-08,TCGA-86-7954-10A-01D-2184-08,c.1895G>C,p.Arg632Thr,p.R632T,ENST00000360013,11/60,88,59,28,85,,,
TCGA-LUAD,TCGA-86-7954,079ae0b3-b64b-4b8e-ab7d-225b8046568c,TCGA-86-7954-10A; TCGA-86-7954-01A,Blood Derived Normal; Primary Tumor,2ff606b8-6f4d-4b67-9cbb-f3c9ac6755bc,782eaec0-34e1-4561-a190-2355811282e9.wxs.aliquot_ensemble_masked.maf.gz,RAB6B,51560,BI,GRCh38,chr3,133838204,133838204,+,Missense_Mutation,SNP,T,T,C,rs1417399223,TCGA-86-7954-01A-11D-2184-08,TCGA-86-7954-10A-01D-2184-08,c.457A>G,p.Ile153Val,p.I153V,ENST00000285208,6/8,274,234,40,294,,,
TCGA-LUAD,TCGA-86-7954,079ae0b3-b64b-4b8e-ab7d-225b8046568c,TCGA-86-7954-10A; TCGA-86-7954-01A,Blood Derived Normal; Primary Tumor,2ff606b8-6f4d-4b67-9cbb-f3c9ac6755bc,782eaec0-34e1-4561-a190-2355811282e9.wxs.aliquot_ensemble_masked.maf.gz,STAG1,10274,BI,GRCh38,chr3,136464932,136464932,+,Missense_Mutation,SNP,T,T,A,,TCGA-86-7954-01A-11D-2184-08,TCGA-86-7954-10A-01D-2184-08,c.1262A>T,p.Tyr421Phe,p.Y421F,ENST00000383202,13/34,53,44,9,52,,,
TCGA-LUAD,TCGA-86-7954,079ae0b3-b64b-4b8e-ab7d-225b8046568c,TCGA-86-7954-10A; TCGA-86-7954-01A,Blood Derived Normal; Primary Tumor,2ff606b8-6f4d-4b67-9cbb-f3c9ac6755bc,782eaec0-34e1-4561-a190-2355811282e9.wxs.aliquot_ensemble_masked.maf.gz,RSRC1,51319,BI,GRCh38,chr3,158123942,158123942,+,Missense_Mutation,SNP,G,G,T,,TCGA-86-7954-01A-11D-2184-08,TCGA-86-7954-10A-01D-2184-08,c.271G>T,p.Gly91Trp,p.G91W,ENST00000295930,3/10,60,35,25,92,,,
TCGA-LUAD,TCGA-86-7954,079ae0b3-b64b-4b8e-ab7d-225b8046568c,TCGA-86-7954-10A; TCGA-86-7954-01A,Blood Derived Normal; Primary Tumor,2ff606b8-6f4d-4b67-9cbb-f3c9ac6755bc,782eaec0-34e1-4561-a190-2355811282e9.wxs.aliquot_ensemble_masked.maf.gz,MFSD1,64747,BI,GRCh38,chr3,158814048,158814048,+,Silent,SNP,C,C,T,rs147447476,TCGA-86-7954-01A-11D-2184-08,TCGA-86-7954-10A-01D-2184-08,c.633C>T,p.Leu211=,p.L211=,ENST00000264266,7/16,68,61,7,84,,,
TCGA-LUAD,TCGA-86-7954,079ae0b3-b64b-4b8e-ab7d-225b8046568c,TCGA-86-7954-10A; TCGA-86-7954-01A,Blood Derived Normal; Primary Tumor,2ff606b8-6f4d-4b67-9cbb-f3c9ac6755bc,782eaec0-34e1-4561-a190-2355811282e9.wxs.aliquot_ensemble_masked.maf.gz,UTS2B,257313,BI,GRCh38,chr3,191275334,191275334,+,Silent,SNP,T,T,C,,TCGA-86-7954-01A-11D-2184-08,TCGA-86-7954-10A-01D-2184-08,c.252A>G,p.Leu84=,p.L84=,ENST00000340524,8/9,91,75,16,157,,,
TCGA-LUAD,TCGA-86-7954,079ae0b3-b64b-4b8e-ab7d-225b8046568c,TCGA-86-7954-10A; TCGA-86-7954-01A,Blood Derived Normal; Primary Tumor,2ff606b8-6f4d-4b67-9cbb-f3c9ac6755bc,782eaec0-34e1-4561-a190-2355811282e9.wxs.aliquot_ensemble_masked.maf.gz,TEC,7006,BI,GRCh38,chr4,48145117,48145117,+,Nonsense_Mutation,SNP,C,C,A,,TCGA-86-7954-01A-11D-2184-08,TCGA-86-7954-10A-01D-2184-08,c.1432G>T,p.Glu478Ter,p.E478*,ENST00000381501,14/18,243,194,49,288,,,
TCGA-LUAD,TCGA-86-7954,079ae0b3-b64b-4b8e-ab7d-225b8046568c,TCGA-86-7954-10A; TCGA-86-7954-01A,Blood Derived Normal; Primary Tumor,2ff606b8-6f4d-4b67-9cbb-f3c9ac6755bc,782eaec0-34e1-4561-a190-2355811282e9.wxs.aliquot_ensemble_masked.maf.gz,SPATA18,132671,BI,GRCh38,chr4,52076912,52076912,+,Missense_Mutation,SNP,C,C,A,,TCGA-86-7954-01A-11D-2184-08,TCGA-86-7954-10A-01D-2184-08,c.892C>A,p.Arg298Ser,p.R298S,ENST00000295213,7/13,62,56,6,68,,,
TCGA-LUAD,TCGA-86-7954,079ae0b3-b64b-4b8e-ab7d-225b8046568c,TCGA-86-7954-10A; TCGA-86-7954-01A,Blood Derived Normal; Primary Tumor,2ff606b8-6f4d-4b67-9cbb-f3c9ac6755bc,782eaec0-34e1-4561-a190-2355811282e9.wxs.aliquot_ensemble_masked.maf.gz,SYNPO2,171024,BI,GRCh38,chr4,119023492,119023492,+,Silent,SNP,C,C,T,,TCGA-86-7954-01A-11D-2184-08,TCGA-86-7954-10A-01D-2184-08,c.168C>T,p.Ile56=,p.I56=,ENST00000429713,2/4,94,86,8,122,,,
TCGA-LUAD,TCGA-86-7954,079ae0b3-b64b-4b8e-ab7d-225b8046568c,TCGA-86-7954-10A; TCGA-86-7954-01A,Blood Derived Normal; Primary Tumor,2ff606b8-6f4d-4b67-9cbb-f3c9ac6755bc,782eaec0-34e1-4561-a190-2355811282e9.wxs.aliquot_ensemble_masked.maf.gz,PLK4,10733,BI,GRCh38,chr4,127886143,127886143,+,Nonsense_Mutation,SNP,C,C,A,,TCGA-86-7954-01A-11D-2184-08,TCGA-86-7954-10A-01D-2184-08,c.773C>A,p.Ser258Ter,p.S258*,ENST00000270861,5/16,159,134,25,191,,,
TCGA-LUAD,TCGA-86-7954,079ae0b3-b64b-4b8e-ab7d-225b8046568c,TCGA-86-7954-10A; TCGA-86-7954-01A,Blood Derived Normal; Primary Tumor,2ff606b8-6f4d-4b67-9cbb-f3c9ac6755bc,782eaec0-34e1-4561-a190-2355811282e9.wxs.aliquot_ensemble_masked.maf.gz,RXFP1,59350,BI,GRCh38,chr4,158638021,158638021,+,Missense_Mutation,SNP,A,A,T,,TCGA-86-7954-01A-11D-2184-08,TCGA-86-7954-10A-01D-2184-08,c.985A>T,p.Asn329Tyr,p.N329Y,ENST00000307765,13/18,48,42,6,67,,,
TCGA-LUAD,TCGA-86-7954,079ae0b3-b64b-4b8e-ab7d-225b8046568c,TCGA-86-7954-10A; TCGA-86-7954-01A,Blood Derived Normal; Primary Tumor,2ff606b8-6f4d-4b67-9cbb-f3c9ac6755bc,782eaec0-34e1-4561-a190-2355811282e9.wxs.aliquot_ensemble_masked.maf.gz,RAPGEF2,9693,BI,GRCh38,chr4,159353688,159353688,+,Missense_Mutation,SNP,G,G,C,,TCGA-86-7954-01A-11D-2184-08,TCGA-86-7954-10A-01D-2184-08,c.3810G>C,p.Glu1270Asp,p.E1270D,ENST00000264431,22/24,134,121,13,162,,,
TCGA-LUAD,TCGA-86-7954,079ae0b3-b64b-4b8e-ab7d-225b8046568c,TCGA-86-7954-10A; TCGA-86-7954-01A,Blood Derived Normal; Primary Tumor,2ff606b8-6f4d-4b67-9cbb-f3c9ac6755bc,782eaec0-34e1-4561-a190-2355811282e9.wxs.aliquot_ensemble_masked.maf.gz,GPM6A,2823,BI,GRCh38,chr4,175701679,175701679,+,Silent,SNP,C,C,A,,TCGA-86-7954-01A-11D-2184-08,TCGA-86-7954-10A-01D-2184-08,c.126G>T,p.Leu42=,p.L42=,ENST00000280187,3/8,216,195,21,242,,,
TCGA-LUAD,TCGA-86-7954,079ae0b3-b64b-4b8e-ab7d-225b8046568c,TCGA-86-7954-10A; TCGA-86-7954-01A,Blood Derived Normal; Primary Tumor,2ff606b8-6f4d-4b67-9cbb-f3c9ac6755bc,782eaec0-34e1-4561-a190-2355811282e9.wxs.aliquot_ensemble_masked.maf.gz,PRDM9,56979,BI,GRCh38,chr5,23517909,23517909,+,Silent,SNP,G,G,T,,TCGA-86-7954-01A-11D-2184-08,TCGA-86-7954-10A-01D-2184-08,c.330G>T,p.Val110=,p.V110=,ENST00000296682,5/11,268,254,14,293,,,
TCGA-LUAD,TCGA-86-7954,079ae0b3-b64b-4b8e-ab7d-225b8046568c,TCGA-86-7954-10A; TCGA-86-7954-01A,Blood Derived Normal; Primary Tumor,2ff606b8-6f4d-4b67-9cbb-f3c9ac6755bc,782eaec0-34e1-4561-a190-2355811282e9.wxs.aliquot_ensemble_masked.maf.gz,CDH9,1007,BI,GRCh38,chr5,26881227,26881227,+,Missense_Mutation,SNP,C,C,T,,TCGA-86-7954-01A-11D-2184-08,TCGA-86-7954-10A-01D-2184-08,c.2279G>A,p.Cys760Tyr,p.C760Y,ENST00000231021,12/12,194,180,14,158,,,
TCGA-LUAD,TCGA-86-7954,079ae0b3-b64b-4b8e-ab7d-225b8046568c,TCGA-86-7954-10A; TCGA-86-7954-01A,Blood Derived Normal; Primary Tumor,2ff606b8-6f4d-4b67-9cbb-f3c9ac6755bc,782eaec0-34e1-4561-a190-2355811282e9.wxs.aliquot_ensemble_masked.maf.gz,PDZD2,23037,BI,GRCh38,chr5,32088290,32088290,+,Silent,SNP,T,T,C,,TCGA-86-7954-01A-11D-2184-08,TCGA-86-7954-10A-01D-2184-08,c.4842T>C,p.Pro1614=,p.P1614=,ENST00000438447,20/25,341,263,78,282,,,
TCGA-LUAD,TCGA-86-7954,079ae0b3-b64b-4b8e-ab7d-225b8046568c,TCGA-86-7954-10A; TCGA-86-7954-01A,Blood Derived Normal; Primary Tumor,2ff606b8-6f4d-4b67-9cbb-f3c9ac6755bc,782eaec0-34e1-4561-a190-2355811282e9.wxs.aliquot_ensemble_masked.maf.gz,GDNF,2668,BI,GRCh38,chr5,37816112,37816112,+,Missense_Mutation,SNP,C,C,A,rs1389990693,TCGA-86-7954-01A-11D-2184-08,TCGA-86-7954-10A-01D-2184-08,c.175G>T,p.Asp59Tyr,p.D59Y,ENST00000326524,3/3,78,73,5,73,,,
TCGA-LUAD,TCGA-86-7954,079ae0b3-b64b-4b8e-ab7d-225b8046568c,TCGA-86-7954-10A; TCGA-86-7954-01A,Blood Derived Normal; Primary Tumor,2ff606b8-6f4d-4b67-9cbb-f3c9ac6755bc,782eaec0-34e1-4561-a190-2355811282e9.wxs.aliquot_ensemble_masked.maf.gz,MROH2B,133558,BI,GRCh38,chr5,41058137,41058137,+,Nonsense_Mutation,SNP,C,C,A,,TCGA-86-7954-01A-11D-2184-08,TCGA-86-7954-10A-01D-2184-08,c.682G>T,p.Gly228Ter,p.G228*,ENST00000399564,7/42,49,44,5,29,,,
TCGA-LUAD,TCGA-86-7954,079ae0b3-b64b-4b8e-ab7d-225b8046568c,TCGA-86-7954-10A; TCGA-86-7954-01A,Blood Derived Normal; Primary Tumor,2ff606b8-6f4d-4b67-9cbb-f3c9ac6755bc,782eaec0-34e1-4561-a190-2355811282e9.wxs.aliquot_ensemble_masked.maf.gz,HCN1,348980,BI,GRCh38,chr5,45262686,45262686,+,Silent,SNP,G,G,A,,TCGA-86-7954-01A-11D-2184-08,TCGA-86-7954-10A-01D-2184-08,c.1908C>T,p.Ile636=,p.I636=,ENST00000303230,8/8,160,143,17,131,,,
TCGA-LUAD,TCGA-86-7954,079ae0b3-b64b-4b8e-ab7d-225b8046568c,TCGA-86-7954-10A; TCGA-86-7954-01A,Blood Derived Normal; Primary Tumor,2ff606b8-6f4d-4b67-9cbb-f3c9ac6755bc,782eaec0-34e1-4561-a190-2355811282e9.wxs.aliquot_ensemble_masked.maf.gz,PRR16,51334,BI,GRCh38,chr5,120686282,120686282,+,Missense_Mutation,SNP,C,C,A,,TCGA-86-7954-01A-11D-2184-08,TCGA-86-7954-10A-01D-2184-08,c.488C>A,p.Pro163His,p.P163H,ENST00000407149,2/2,75,67,8,72,,,
TCGA-LUAD,TCGA-86-7954,079ae0b3-b64b-4b8e-ab7d-225b8046568c,TCGA-86-7954-10A; TCGA-86-7954-01A,Blood Derived Normal; Primary Tumor,2ff606b8-6f4d-4b67-9cbb-f3c9ac6755bc,782eaec0-34e1-4561-a190-2355811282e9.wxs.aliquot_ensemble_masked.maf.gz,HSPA4,3308,BI,GRCh38,chr5,133088466,133088466,+,Missense_Mutation,SNP,G,G,T,,TCGA-86-7954-01A-11D-2184-08,TCGA-86-7954-10A-01D-2184-08,c.1048G>T,p.Val350Leu,p.V350L,ENST00000304858,9/19,76,68,8,95,,,
TCGA-LUAD,TCGA-86-7954,079ae0b3-b64b-4b8e-ab7d-225b8046568c,TCGA-86-7954-10A; TCGA-86-7954-01A,Blood Derived Normal; Primary Tumor,2ff606b8-6f4d-4b67-9cbb-f3c9ac6755bc,782eaec0-34e1-4561-a190-2355811282e9.wxs.aliquot_ensemble_masked.maf.gz,TCF7,6932,BI,GRCh38,chr5,134138064,134138064,+,Missense_Mutation,SNP,G,G,T,,TCGA-86-7954-01A-11D-2184-08,TCGA-86-7954-10A-01D-2184-08,c.447G>T,p.Lys149Asn,p.K149N,ENST00000395029,4/11,231,211,20,238,,,
TCGA-LUAD,TCGA-86-7954,079ae0b3-b64b-4b8e-ab7d-225b8046568c,TCGA-86-7954-10A; TCGA-86-7954-01A,Blood Derived Normal; Primary Tumor,2ff606b8-6f4d-4b67-9cbb-f3c9ac6755bc,782eaec0-34e1-4561-a190-2355811282e9.wxs.aliquot_ensemble_masked.maf.gz,SEC24A,10802,BI,GRCh38,chr5,134661363,134661363,+,Missense_Mutation,SNP,G,G,T,,TCGA-86-7954-01A-11D-2184-08,TCGA-86-7954-10A-01D-2184-08,c.342G>T,p.Gln114His,p.Q114H,ENST00000398844,2/23,116,101,15,131,,,
TCGA-LUAD,TCGA-86-7954,079ae0b3-b64b-4b8e-ab7d-225b8046568c,TCGA-86-7954-10A; TCGA-86-7954-01A,Blood Derived Normal; Primary Tumor,2ff606b8-6f4d-4b67-9cbb-f3c9ac6755bc,782eaec0-34e1-4561-a190-2355811282e9.wxs.aliquot_ensemble_masked.maf.gz,FBXL21P,26223,BI,GRCh38,chr5,135941110,135941110,+,RNA,SNP,T,T,A,,TCGA-86-7954-01A-11D-2184-08,TCGA-86-7954-10A-01D-2184-08,n.1057T>A,,,ENST00000635168,7/7,105,90,15,144,,,
TCGA-LUAD,TCGA-86-7954,079ae0b3-b64b-4b8e-ab7d-225b8046568c,TCGA-86-7954-10A; TCGA-86-7954-01A,Blood Derived Normal; Primary Tumor,2ff606b8-6f4d-4b67-9cbb-f3c9ac6755bc,782eaec0-34e1-4561-a190-2355811282e9.wxs.aliquot_ensemble_masked.maf.gz,PCDHA6,56142,BI,GRCh38,chr5,140828643,140828643,+,Silent,SNP,A,A,T,,TCGA-86-7954-01A-11D-2184-08,TCGA-86-7954-10A-01D-2184-08,c.552A>T,p.Ile184=,p.I184=,ENST00000529310,1/4,78,73,5,91,,,
TCGA-LUAD,TCGA-86-7954,079ae0b3-b64b-4b8e-ab7d-225b8046568c,TCGA-86-7954-10A; TCGA-86-7954-01A,Blood Derived Normal; Primary Tumor,2ff606b8-6f4d-4b67-9cbb-f3c9ac6755bc,782eaec0-34e1-4561-a190-2355811282e9.wxs.aliquot_ensemble_masked.maf.gz,PCDHB9,56127,BI,GRCh38,chr5,141189319,141189319,+,Silent,SNP,C,C,T,rs1432422630,TCGA-86-7954-01A-11D-2184-08,TCGA-86-7954-10A-01D-2184-08,c.2001C>T,p.Ser667=,p.S667=,ENST00000316105,1/1,150,120,29,163,,,
TCGA-LUAD,TCGA-86-7954,079ae0b3-b64b-4b8e-ab7d-225b8046568c,TCGA-86-7954-10A; TCGA-86-7954-01A,Blood Derived Normal; Primary Tumor,2ff606b8-6f4d-4b67-9cbb-f3c9ac6755bc,782eaec0-34e1-4561-a190-2355811282e9.wxs.aliquot_ensemble_masked.maf.gz,PCDHGC5,56097,BI,GRCh38,chr5,141490858,141490858,+,Missense_Mutation,SNP,G,G,A,rs775132338,TCGA-86-7954-01A-11D-2184-08,TCGA-86-7954-10A-01D-2184-08,c.1618G>A,p.Gly540Ser,p.G540S,ENST00000252087,1/4,100,90,9,96,,,
TCGA-LUAD,TCGA-86-7954,079ae0b3-b64b-4b8e-ab7d-225b8046568c,TCGA-86-7954-10A; TCGA-86-7954-01A,Blood Derived Normal; Primary Tumor,2ff606b8-6f4d-4b67-9cbb-f3c9ac6755bc,782eaec0-34e1-4561-a190-2355811282e9.wxs.aliquot_ensemble_masked.maf.gz,FAT2,2196,BI,GRCh38,chr5,151554649,151554649,+,Missense_Mutation,SNP,G,G,A,,TCGA-86-7954-01A-11D-2184-08,TCGA-86-7954-10A-01D-2184-08,c.3658C>T,p.Pro1220Ser,p.P1220S,ENST00000261800,4/23,118,107,11,118,,,
TCGA-LUAD,TCGA-86-7954,079ae0b3-b64b-4b8e-ab7d-225b8046568c,TCGA-86-7954-10A; TCGA-86-7954-01A,Blood Derived Normal; Primary Tumor,2ff606b8-6f4d-4b67-9cbb-f3c9ac6755bc,782eaec0-34e1-4561-a190-2355811282e9.wxs.aliquot_ensemble_masked.maf.gz,FAT2,2196,BI,GRCh38,chr5,151568317,151568317,+,Silent,SNP,C,C,T,,TCGA-86-7954-01A-11D-2184-08,TCGA-86-7954-10A-01D-2184-08,c.615G>A,p.Val205=,p.V205=,ENST00000261800,1/23,80,72,7,92,,,
TCGA-LUAD,TCGA-86-7954,079ae0b3-b64b-4b8e-ab7d-225b8046568c,TCGA-86-7954-10A; TCGA-86-7954-01A,Blood Derived Normal; Primary Tumor,2ff606b8-6f4d-4b67-9cbb-f3c9ac6755bc,782eaec0-34e1-4561-a190-2355811282e9.wxs.aliquot_ensemble_masked.maf.gz,NMUR2,56923,BI,GRCh38,chr5,152404655,152404655,+,Silent,SNP,G,G,A,rs1004624182,TCGA-86-7954-01A-11D-2184-08,TCGA-86-7954-10A-01D-2184-08,c.459C>T,p.Arg153=,p.R153=,ENST00000255262,1/4,77,66,11,84,,,
TCGA-LUAD,TCGA-86-7954,079ae0b3-b64b-4b8e-ab7d-225b8046568c,TCGA-86-7954-10A; TCGA-86-7954-01A,Blood Derived Normal; Primary Tumor,2ff606b8-6f4d-4b67-9cbb-f3c9ac6755bc,782eaec0-34e1-4561-a190-2355811282e9.wxs.aliquot_ensemble_masked.maf.gz,NIPAL4,348938,BI,GRCh38,chr5,157471689,157471689,+,Missense_Mutation,SNP,G,G,A,rs771029335,TCGA-86-7954-01A-11D-2184-08,TCGA-86-7954-10A-01D-2184-08,c.644G>A,p.Ser215Asn,p.S215N,ENST00000311946,5/6,28,23,5,25,,,
TCGA-LUAD,TCGA-86-7954,079ae0b3-b64b-4b8e-ab7d-225b8046568c,TCGA-86-7954-10A; TCGA-86-7954-01A,Blood Derived Normal; Primary Tumor,2ff606b8-6f4d-4b67-9cbb-f3c9ac6755bc,782eaec0-34e1-4561-a190-2355811282e9.wxs.aliquot_ensemble_masked.maf.gz,DOCK2,1794,BI,GRCh38,chr5,169669301,169669301,+,Silent,SNP,A,A,T,,TCGA-86-7954-01A-11D-2184-08,TCGA-86-7954-10A-01D-2184-08,c.141A>T,p.Gly47=,p.G47=,ENST00000520908,3/52,133,124,9,187,,,
TCGA-LUAD,TCGA-86-7954,079ae0b3-b64b-4b8e-ab7d-225b8046568c,TCGA-86-7954-10A; TCGA-86-7954-01A,Blood Derived Normal; Primary Tumor,2ff606b8-6f4d-4b67-9cbb-f3c9ac6755bc,782eaec0-34e1-4561-a190-2355811282e9.wxs.aliquot_ensemble_masked.maf.gz,DOCK2,1794,BI,GRCh38,chr5,170034498,170034498,+,Silent,SNP,G,G,T,,TCGA-86-7954-01A-11D-2184-08,TCGA-86-7954-10A-01D-2184-08,c.3567G>T,p.Arg1189=,p.R1189=,ENST00000520908,35/52,87,76,11,103,,,
TCGA-LUAD,TCGA-86-7954,079ae0b3-b64b-4b8e-ab7d-225b8046568c,TCGA-86-7954-10A; TCGA-86-7954-01A,Blood Derived Normal; Primary Tumor,2ff606b8-6f4d-4b67-9cbb-f3c9ac6755bc,782eaec0-34e1-4561-a190-2355811282e9.wxs.aliquot_ensemble_masked.maf.gz,CPEB4,80315,BI,GRCh38,chr5,173953136,173953136,+,Missense_Mutation,SNP,A,A,G,,TCGA-86-7954-01A-11D-2184-08,TCGA-86-7954-10A-01D-2184-08,c.1826A>G,p.Tyr609Cys,p.Y609C,ENST00000265085,9/10,209,177,32,224,,,
TCGA-LUAD,TCGA-86-7954,079ae0b3-b64b-4b8e-ab7d-225b8046568c,TCGA-86-7954-10A; TCGA-86-7954-01A,Blood Derived Normal; Primary Tumor,2ff606b8-6f4d-4b67-9cbb-f3c9ac6755bc,782eaec0-34e1-4561-a190-2355811282e9.wxs.aliquot_ensemble_masked.maf.gz,BTN2A3P,54718,BI,GRCh38,chr6,26427932,26427932,+,RNA,SNP,G,G,T,,TCGA-86-7954-01A-11D-2184-08,TCGA-86-7954-10A-01D-2184-08,n.1129G>T,,,ENST00000466808,5/7,97,74,23,118,,,
TCGA-LUAD,TCGA-86-7954,079ae0b3-b64b-4b8e-ab7d-225b8046568c,TCGA-86-7954-10A; TCGA-86-7954-01A,Blood Derived Normal; Primary Tumor,2ff606b8-6f4d-4b67-9cbb-f3c9ac6755bc,782eaec0-34e1-4561-a190-2355811282e9.wxs.aliquot_ensemble_masked.maf.gz,BTN2A3P,54718,BI,GRCh38,chr6,26431417,26431417,+,RNA,SNP,G,G,T,,TCGA-86-7954-01A-11D-2184-08,TCGA-86-7954-10A-01D-2184-08,n.1593G>T,,,ENST00000466808,7/7,117,87,30,93,,,
TCGA-LUAD,TCGA-86-7954,079ae0b3-b64b-4b8e-ab7d-225b8046568c,TCGA-86-7954-10A; TCGA-86-7954-01A,Blood Derived Normal; Primary Tumor,2ff606b8-6f4d-4b67-9cbb-f3c9ac6755bc,782eaec0-34e1-4561-a190-2355811282e9.wxs.aliquot_ensemble_masked.maf.gz,ITPR3,3710,BI,GRCh38,chr6,33664962,33664962,+,Missense_Mutation,SNP,G,G,T,,TCGA-86-7954-01A-11D-2184-08,TCGA-86-7954-10A-01D-2184-08,c.1241G>T,p.Arg414Leu,p.R414L,ENST00000374316,13/59,63,47,16,54,,,
TCGA-LUAD,TCGA-86-7954,079ae0b3-b64b-4b8e-ab7d-225b8046568c,TCGA-86-7954-10A; TCGA-86-7954-01A,Blood Derived Normal; Primary Tumor,2ff606b8-6f4d-4b67-9cbb-f3c9ac6755bc,782eaec0-34e1-4561-a190-2355811282e9.wxs.aliquot_ensemble_masked.maf.gz,GLP1R,2740,BI,GRCh38,chr6,39085986,39085986,+,Silent,SNP,C,C,G,,TCGA-86-7954-01A-11D-2184-08,TCGA-86-7954-10A-01D-2184-08,c.1305C>G,p.Pro435=,p.P435=,ENST00000373256,13/13,161,149,12,189,,,
TCGA-LUAD,TCGA-86-7954,079ae0b3-b64b-4b8e-ab7d-225b8046568c,TCGA-86-7954-10A; TCGA-86-7954-01A,Blood Derived Normal; Primary Tumor,2ff606b8-6f4d-4b67-9cbb-f3c9ac6755bc,782eaec0-34e1-4561-a190-2355811282e9.wxs.aliquot_ensemble_masked.maf.gz,COL19A1,1310,BI,GRCh38,chr6,70151400,70151400,+,Missense_Mutation,SNP,G,G,T,,TCGA-86-7954-01A-11D-2184-08,TCGA-86-7954-10A-01D-2184-08,c.2041G>T,p.Ala681Ser,p.A681S,ENST00000620364,31/51,112,89,23,141,,,
TCGA-LUAD,TCGA-86-7954,079ae0b3-b64b-4b8e-ab7d-225b8046568c,TCGA-86-7954-10A; TCGA-86-7954-01A,Blood Derived Normal; Primary Tumor,2ff606b8-6f4d-4b67-9cbb-f3c9ac6755bc,782eaec0-34e1-4561-a190-2355811282e9.wxs.aliquot_ensemble_masked.maf.gz,COL12A1,1303,BI,GRCh38,chr6,75103785,75103785,+,Missense_Mutation,SNP,C,C,A,,TCGA-86-7954-01A-11D-2184-08,TCGA-86-7954-10A-01D-2184-08,c.8291G>T,p.Arg2764Ile,p.R2764I,ENST00000322507,55/66,112,102,10,142,,,
TCGA-LUAD,TCGA-86-7954,079ae0b3-b64b-4b8e-ab7d-225b8046568c,TCGA-86-7954-10A; TCGA-86-7954-01A,Blood Derived Normal; Primary Tumor,2ff606b8-6f4d-4b67-9cbb-f3c9ac6755bc,782eaec0-34e1-4561-a190-2355811282e9.wxs.aliquot_ensemble_masked.maf.gz,DSE,29940,BI,GRCh38,chr6,116435888,116435888,+,Missense_Mutation,SNP,G,G,T,,TCGA-86-7954-01A-11D-2184-08,TCGA-86-7954-10A-01D-2184-08,c.1420G>T,p.Gly474Trp,p.G474W,ENST00000331677,7/7,70,46,24,70,,,
TCGA-LUAD,TCGA-86-7954,079ae0b3-b64b-4b8e-ab7d-225b8046568c,TCGA-86-7954-10A; TCGA-86-7954-01A,Blood Derived Normal; Primary Tumor,2ff606b8-6f4d-4b67-9cbb-f3c9ac6755bc,782eaec0-34e1-4561-a190-2355811282e9.wxs.aliquot_ensemble_masked.maf.gz,MTHFD1L,25902,BI,GRCh38,chr6,150926261,150926261,+,Missense_Mutation,SNP,G,G,A,rs1259367690,TCGA-86-7954-01A-11D-2184-08,TCGA-86-7954-10A-01D-2184-08,c.1222G>A,p.Asp408Asn,p.D408N,ENST00000367321,11/28,146,126,20,165,,,
TCGA-LUAD,TCGA-86-7954,079ae0b3-b64b-4b8e-ab7d-225b8046568c,TCGA-86-7954-10A; TCGA-86-7954-01A,Blood Derived Normal; Primary Tumor,2ff606b8-6f4d-4b67-9cbb-f3c9ac6755bc,782eaec0-34e1-4561-a190-2355811282e9.wxs.aliquot_ensemble_masked.maf.gz,NOX3,50508,BI,GRCh38,chr6,155454883,155454883,+,Silent,SNP,C,C,T,,TCGA-86-7954-01A-11D-2184-08,TCGA-86-7954-10A-01D-2184-08,c.183G>A,p.Leu61=,p.L61=,ENST00000159060,3/14,56,50,6,74,,,
TCGA-LUAD,TCGA-86-7954,079ae0b3-b64b-4b8e-ab7d-225b8046568c,TCGA-86-7954-10A; TCGA-86-7954-01A,Blood Derived Normal; Primary Tumor,2ff606b8-6f4d-4b67-9cbb-f3c9ac6755bc,782eaec0-34e1-4561-a190-2355811282e9.wxs.aliquot_ensemble_masked.maf.gz,NOX3,50508,BI,GRCh38,chr6,155455075,155455075,+,Missense_Mutation,SNP,C,C,T,,TCGA-86-7954-01A-11D-2184-08,TCGA-86-7954-10A-01D-2184-08,c.103G>A,p.Glu35Lys,p.E35K,ENST00000159060,2/14,65,57,8,64,,,
TCGA-LUAD,TCGA-86-7954,079ae0b3-b64b-4b8e-ab7d-225b8046568c,TCGA-86-7954-10A; TCGA-86-7954-01A,Blood Derived Normal; Primary Tumor,2ff606b8-6f4d-4b67-9cbb-f3c9ac6755bc,782eaec0-34e1-4561-a190-2355811282e9.wxs.aliquot_ensemble_masked.maf.gz,ZDHHC14,79683,BI,GRCh38,chr6,157593113,157593113,+,Missense_Mutation,SNP,G,G,C,,TCGA-86-7954-01A-11D-2184-08,TCGA-86-7954-10A-01D-2184-08,c.532G>C,p.Ala178Pro,p.A178P,ENST00000359775,3/9,95,68,27,80,,,
TCGA-LUAD,TCGA-86-7954,079ae0b3-b64b-4b8e-ab7d-225b8046568c,TCGA-86-7954-10A; TCGA-86-7954-01A,Blood Derived Normal; Primary Tumor,2ff606b8-6f4d-4b67-9cbb-f3c9ac6755bc,782eaec0-34e1-4561-a190-2355811282e9.wxs.aliquot_ensemble_masked.maf.gz,ZFAND2A,90637,BI,GRCh38,chr7,1155576,1155576,+,Silent,SNP,G,G,A,rs779045778,TCGA-86-7954-01A-11D-2184-08,TCGA-86-7954-10A-01D-2184-08,c.159C>T,p.His53=,p.H53=,ENST00000316495,4/5,114,102,12,137,,,
TCGA-LUAD,TCGA-86-7954,079ae0b3-b64b-4b8e-ab7d-225b8046568c,TCGA-86-7954-10A; TCGA-86-7954-01A,Blood Derived Normal; Primary Tumor,2ff606b8-6f4d-4b67-9cbb-f3c9ac6755bc,782eaec0-34e1-4561-a190-2355811282e9.wxs.aliquot_ensemble_masked.maf.gz,HOXA3,3200,BI,GRCh38,chr7,27107937,27107937,+,Missense_Mutation,SNP,G,G,T,,TCGA-86-7954-01A-11D-2184-08,TCGA-86-7954-10A-01D-2184-08,c.1310C>A,p.Ala437Glu,p.A437E,ENST00000317201,5/5,134,122,12,166,,,
TCGA-LUAD,TCGA-86-7954,079ae0b3-b64b-4b8e-ab7d-225b8046568c,TCGA-86-7954-10A; TCGA-86-7954-01A,Blood Derived Normal; Primary Tumor,2ff606b8-6f4d-4b67-9cbb-f3c9ac6755bc,782eaec0-34e1-4561-a190-2355811282e9.wxs.aliquot_ensemble_masked.maf.gz,GALNT17,64409,BI,GRCh38,chr7,71416019,71416019,+,Missense_Mutation,SNP,G,G,T,,TCGA-86-7954-01A-11D-2184-08,TCGA-86-7954-10A-01D-2184-08,c.720G>T,p.Gln240His,p.Q240H,ENST00000333538,4/11,110,102,8,127,,,
TCGA-LUAD,TCGA-86-7954,079ae0b3-b64b-4b8e-ab7d-225b8046568c,TCGA-86-7954-10A; TCGA-86-7954-01A,Blood Derived Normal; Primary Tumor,2ff606b8-6f4d-4b67-9cbb-f3c9ac6755bc,782eaec0-34e1-4561-a190-2355811282e9.wxs.aliquot_ensemble_masked.maf.gz,ELN,2006,BI,GRCh38,chr7,74056394,74056394,+,Missense_Mutation,SNP,G,G,C,,TCGA-86-7954-01A-11D-2184-08,TCGA-86-7954-10A-01D-2184-08,c.1274G>C,p.Gly425Ala,p.G425A,ENST00000320399,20/33,143,107,36,172,,,
TCGA-LUAD,TCGA-86-7954,079ae0b3-b64b-4b8e-ab7d-225b8046568c,TCGA-86-7954-10A; TCGA-86-7954-01A,Blood Derived Normal; Primary Tumor,2ff606b8-6f4d-4b67-9cbb-f3c9ac6755bc,782eaec0-34e1-4561-a190-2355811282e9.wxs.aliquot_ensemble_masked.maf.gz,SEMA3D,223117,BI,GRCh38,chr7,85121879,85121879,+,Missense_Mutation,SNP,T,T,C,,TCGA-86-7954-01A-11D-2184-08,TCGA-86-7954-10A-01D-2184-08,c.13A>G,p.Lys5Glu,p.K5E,ENST00000284136,1/17,32,26,6,26,,,
TCGA-LUAD,TCGA-86-7954,079ae0b3-b64b-4b8e-ab7d-225b8046568c,TCGA-86-7954-10A; TCGA-86-7954-01A,Blood Derived Normal; Primary Tumor,2ff606b8-6f4d-4b67-9cbb-f3c9ac6755bc,782eaec0-34e1-4561-a190-2355811282e9.wxs.aliquot_ensemble_masked.maf.gz,CYP3A5,1577,BI,GRCh38,chr7,99652572,99652572,+,Missense_Mutation,SNP,C,C,T,rs1414346579,TCGA-86-7954-01A-11D-2184-08,TCGA-86-7954-10A-01D-2184-08,c.1234G>A,p.Glu412Lys,p.E412K,ENST00000222982,11/13,119,111,8,146,,,
TCGA-LUAD,TCGA-86-7954,079ae0b3-b64b-4b8e-ab7d-225b8046568c,TCGA-86-7954-10A; TCGA-86-7954-01A,Blood Derived Normal; Primary Tumor,2ff606b8-6f4d-4b67-9cbb-f3c9ac6755bc,782eaec0-34e1-4561-a190-2355811282e9.wxs.aliquot_ensemble_masked.maf.gz,ZNF3,7551,BI,GRCh38,chr7,100072161,100072161,+,Missense_Mutation,SNP,G,G,A,,TCGA-86-7954-01A-11D-2184-08,TCGA-86-7954-10A-01D-2184-08,c.323C>T,p.Ser108Leu,p.S108L,ENST00000299667,6/6,90,80,9,125,,,
TCGA-LUAD,TCGA-86-7954,079ae0b3-b64b-4b8e-ab7d-225b8046568c,TCGA-86-7954-10A; TCGA-86-7954-01A,Blood Derived Normal; Primary Tumor,2ff606b8-6f4d-4b67-9cbb-f3c9ac6755bc,782eaec0-34e1-4561-a190-2355811282e9.wxs.aliquot_ensemble_masked.maf.gz,MUC17,140453,BI,GRCh38,chr7,101036478,101036478,+,Missense_Mutation,SNP,G,G,A,rs748448650,TCGA-86-7954-01A-11D-2184-08,TCGA-86-7954-10A-01D-2184-08,c.5062G>A,p.Gly1688Arg,p.G1688R,ENST00000306151,3/13,276,246,30,334,,,
TCGA-LUAD,TCGA-86-7954,079ae0b3-b64b-4b8e-ab7d-225b8046568c,TCGA-86-7954-10A; TCGA-86-7954-01A,Blood Derived Normal; Primary Tumor,2ff606b8-6f4d-4b67-9cbb-f3c9ac6755bc,782eaec0-34e1-4561-a190-2355811282e9.wxs.aliquot_ensemble_masked.maf.gz,RELN,5649,BI,GRCh38,chr7,103497842,103497842,+,Silent,SNP,C,C,A,,TCGA-86-7954-01A-11D-2184-08,TCGA-86-7954-10A-01D-2184-08,c.8928G>T,p.Leu2976=,p.L2976=,ENST00000428762,55/65,111,101,10,112,,,
TCGA-LUAD,TCGA-86-7954,079ae0b3-b64b-4b8e-ab7d-225b8046568c,TCGA-86-7954-10A; TCGA-86-7954-01A,Blood Derived Normal; Primary Tumor,2ff606b8-6f4d-4b67-9cbb-f3c9ac6755bc,782eaec0-34e1-4561-a190-2355811282e9.wxs.aliquot_ensemble_masked.maf.gz,FOXP2,93986,BI,GRCh38,chr7,114662178,114662178,+,Missense_Mutation,SNP,G,G,T,,TCGA-86-7954-01A-11D-2184-08,TCGA-86-7954-10A-01D-2184-08,c.1761G>T,p.Lys587Asn,p.K587N,ENST00000350908,14/17,114,106,8,101,,,
TCGA-LUAD,TCGA-86-7954,079ae0b3-b64b-4b8e-ab7d-225b8046568c,TCGA-86-7954-10A; TCGA-86-7954-01A,Blood Derived Normal; Primary Tumor,2ff606b8-6f4d-4b67-9cbb-f3c9ac6755bc,782eaec0-34e1-4561-a190-2355811282e9.wxs.aliquot_ensemble_masked.maf.gz,CAV2,858,BI,GRCh38,chr7,116506021,116506022,+,In_Frame_Ins,INS,-,-,GACAAT,novel,TCGA-86-7954-01A-11D-2184-08,TCGA-86-7954-10A-01D-2184-08,c.390_395dup,p.Thr131_Ile132insMetThr,p.T131_I132insMT,ENST00000222693,3/3,97,86,10,96,,,
TCGA-LUAD,TCGA-86-7954,079ae0b3-b64b-4b8e-ab7d-225b8046568c,TCGA-86-7954-10A; TCGA-86-7954-01A,Blood Derived Normal; Primary Tumor,2ff606b8-6f4d-4b67-9cbb-f3c9ac6755bc,782eaec0-34e1-4561-a190-2355811282e9.wxs.aliquot_ensemble_masked.maf.gz,KCND2,3751,BI,GRCh38,chr7,120275007,120275007,+,Silent,SNP,C,C,A,,TCGA-86-7954-01A-11D-2184-08,TCGA-86-7954-10A-01D-2184-08,c.375C>A,p.Ile125=,p.I125=,ENST00000331113,1/6,162,146,16,197,,,
TCGA-LUAD,TCGA-86-7954,079ae0b3-b64b-4b8e-ab7d-225b8046568c,TCGA-86-7954-10A; TCGA-86-7954-01A,Blood Derived Normal; Primary Tumor,2ff606b8-6f4d-4b67-9cbb-f3c9ac6755bc,782eaec0-34e1-4561-a190-2355811282e9.wxs.aliquot_ensemble_masked.maf.gz,RNF148,378925,BI,GRCh38,chr7,122702572,122702572,+,Missense_Mutation,SNP,C,C,A,,TCGA-86-7954-01A-11D-2184-08,TCGA-86-7954-10A-01D-2184-08,c.179G>T,p.Gly60Val,p.G60V,ENST00000434824,1/1,76,53,23,75,,,
TCGA-LUAD,TCGA-86-7954,079ae0b3-b64b-4b8e-ab7d-225b8046568c,TCGA-86-7954-10A; TCGA-86-7954-01A,Blood Derived Normal; Primary Tumor,2ff606b8-6f4d-4b67-9cbb-f3c9ac6755bc,782eaec0-34e1-4561-a190-2355811282e9.wxs.aliquot_ensemble_masked.maf.gz,KIAA1549,57670,BI,GRCh38,chr7,138917425,138917425,+,Missense_Mutation,SNP,G,G,A,rs952569464,TCGA-86-7954-01A-11D-2184-08,TCGA-86-7954-10A-01D-2184-08,c.2201C>T,p.Thr734Met,p.T734M,ENST00000422774,2/20,50,44,6,42,,,
TCGA-LUAD,TCGA-86-7954,079ae0b3-b64b-4b8e-ab7d-225b8046568c,TCGA-86-7954-10A; TCGA-86-7954-01A,Blood Derived Normal; Primary Tumor,2ff606b8-6f4d-4b67-9cbb-f3c9ac6755bc,782eaec0-34e1-4561-a190-2355811282e9.wxs.aliquot_ensemble_masked.maf.gz,CNTNAP2,26047,BI,GRCh38,chr7,147300271,147300271,+,Silent,SNP,C,C,T,rs779384498,TCGA-86-7954-01A-11D-2184-08,TCGA-86-7954-10A-01D-2184-08,c.1479C>T,p.Gly493=,p.G493=,ENST00000361727,9/24,125,99,26,109,,,
TCGA-LUAD,TCGA-86-7954,079ae0b3-b64b-4b8e-ab7d-225b8046568c,TCGA-86-7954-10A; TCGA-86-7954-01A,Blood Derived Normal; Primary Tumor,2ff606b8-6f4d-4b67-9cbb-f3c9ac6755bc,782eaec0-34e1-4561-a190-2355811282e9.wxs.aliquot_ensemble_masked.maf.gz,CNTNAP2,26047,BI,GRCh38,chr7,147977930,147977930,+,Missense_Mutation,SNP,C,C,T,,TCGA-86-7954-01A-11D-2184-08,TCGA-86-7954-10A-01D-2184-08,c.2324C>T,p.Thr775Ile,p.T775I,ENST00000361727,15/24,90,78,12,65,,,
TCGA-LUAD,TCGA-86-7954,079ae0b3-b64b-4b8e-ab7d-225b8046568c,TCGA-86-7954-10A; TCGA-86-7954-01A,Blood Derived Normal; Primary Tumor,2ff606b8-6f4d-4b67-9cbb-f3c9ac6755bc,782eaec0-34e1-4561-a190-2355811282e9.wxs.aliquot_ensemble_masked.maf.gz,SGCZ,137868,BI,GRCh38,chr8,14102448,14102448,+,Missense_Mutation,SNP,C,C,A,,TCGA-86-7954-01A-11D-2184-08,TCGA-86-7954-10A-01D-2184-08,c.672G>T,p.Gln224His,p.Q224H,ENST00000382080,7/8,21,18,3,38,,,
TCGA-LUAD,TCGA-86-7954,079ae0b3-b64b-4b8e-ab7d-225b8046568c,TCGA-86-7954-10A; TCGA-86-7954-01A,Blood Derived Normal; Primary Tumor,2ff606b8-6f4d-4b67-9cbb-f3c9ac6755bc,782eaec0-34e1-4561-a190-2355811282e9.wxs.aliquot_ensemble_masked.maf.gz,ZFHX4,79776,BI,GRCh38,chr8,76704769,76704769,+,Missense_Mutation,SNP,C,C,G,,TCGA-86-7954-01A-11D-2184-08,TCGA-86-7954-10A-01D-2184-08,c.681C>G,p.Phe227Leu,p.F227L,ENST00000651372,2/11,35,27,8,45,,,
TCGA-LUAD,TCGA-86-7954,079ae0b3-b64b-4b8e-ab7d-225b8046568c,TCGA-86-7954-10A; TCGA-86-7954-01A,Blood Derived Normal; Primary Tumor,2ff606b8-6f4d-4b67-9cbb-f3c9ac6755bc,782eaec0-34e1-4561-a190-2355811282e9.wxs.aliquot_ensemble_masked.maf.gz,TMEM64,169200,BI,GRCh38,chr8,90631552,90631552,+,Splice_Region,SNP,C,C,T,,TCGA-86-7954-01A-11D-2184-08,TCGA-86-7954-10A-01D-2184-08,c.951G>A,p.Gln317=,p.Q317=,ENST00000458549,2/3,103,95,8,98,,,
TCGA-LUAD,TCGA-86-7954,079ae0b3-b64b-4b8e-ab7d-225b8046568c,TCGA-86-7954-10A; TCGA-86-7954-01A,Blood Derived Normal; Primary Tumor,2ff606b8-6f4d-4b67-9cbb-f3c9ac6755bc,782eaec0-34e1-4561-a190-2355811282e9.wxs.aliquot_ensemble_masked.maf.gz,INTS8,55656,BI,GRCh38,chr8,94838618,94838618,+,Missense_Mutation,SNP,G,G,T,,TCGA-86-7954-01A-11D-2184-08,TCGA-86-7954-10A-01D-2184-08,c.1017G>T,p.Gln339His,p.Q339H,ENST00000523731,8/27,95,58,37,113,,,
TCGA-LUAD,TCGA-86-7954,079ae0b3-b64b-4b8e-ab7d-225b8046568c,TCGA-86-7954-10A; TCGA-86-7954-01A,Blood Derived Normal; Primary Tumor,2ff606b8-6f4d-4b67-9cbb-f3c9ac6755bc,782eaec0-34e1-4561-a190-2355811282e9.wxs.aliquot_ensemble_masked.maf.gz,LRP12,29967,BI,GRCh38,chr8,104491268,104491268,+,Missense_Mutation,SNP,C,C,G,,TCGA-86-7954-01A-11D-2184-08,TCGA-86-7954-10A-01D-2184-08,c.1985G>C,p.Arg662Thr,p.R662T,ENST00000276654,7/7,75,68,7,80,,,
TCGA-LUAD,TCGA-86-7954,079ae0b3-b64b-4b8e-ab7d-225b8046568c,TCGA-86-7954-10A; TCGA-86-7954-01A,Blood Derived Normal; Primary Tumor,2ff606b8-6f4d-4b67-9cbb-f3c9ac6755bc,782eaec0-34e1-4561-a190-2355811282e9.wxs.aliquot_ensemble_masked.maf.gz,ADCY8,114,BI,GRCh38,chr8,130909812,130909812,+,Silent,SNP,G,G,A,rs150100724,TCGA-86-7954-01A-11D-2184-08,TCGA-86-7954-10A-01D-2184-08,c.1536C>T,p.Ser512=,p.S512=,ENST00000286355,6/18,142,122,19,168,,,
TCGA-LUAD,TCGA-86-7954,079ae0b3-b64b-4b8e-ab7d-225b8046568c,TCGA-86-7954-10A; TCGA-86-7954-01A,Blood Derived Normal; Primary Tumor,2ff606b8-6f4d-4b67-9cbb-f3c9ac6755bc,782eaec0-34e1-4561-a190-2355811282e9.wxs.aliquot_ensemble_masked.maf.gz,C8orf31,0,BI,GRCh38,chr8,143043037,143043037,+,RNA,SNP,A,A,G,,TCGA-86-7954-01A-11D-2184-08,TCGA-86-7954-10A-01D-2184-08,n.388A>G,,,ENST00000395172,2/6,122,100,22,162,,,
TCGA-LUAD,TCGA-86-7954,079ae0b3-b64b-4b8e-ab7d-225b8046568c,TCGA-86-7954-10A; TCGA-86-7954-01A,Blood Derived Normal; Primary Tumor,2ff606b8-6f4d-4b67-9cbb-f3c9ac6755bc,782eaec0-34e1-4561-a190-2355811282e9.wxs.aliquot_ensemble_masked.maf.gz,GPIHBP1,338328,BI,GRCh38,chr8,143215432,143215432,+,Missense_Mutation,SNP,C,C,G,,TCGA-86-7954-01A-11D-2184-08,TCGA-86-7954-10A-01D-2184-08,c.469C>G,p.Pro157Ala,p.P157A,ENST00000622500,4/4,41,32,9,55,,,
TCGA-LUAD,TCGA-86-7954,079ae0b3-b64b-4b8e-ab7d-225b8046568c,TCGA-86-7954-10A; TCGA-86-7954-01A,Blood Derived Normal; Primary Tumor,2ff606b8-6f4d-4b67-9cbb-f3c9ac6755bc,782eaec0-34e1-4561-a190-2355811282e9.wxs.aliquot_ensemble_masked.maf.gz,TOPORS,10210,BI,GRCh38,chr9,32542602,32542602,+,Missense_Mutation,SNP,T,T,A,,TCGA-86-7954-01A-11D-2184-08,TCGA-86-7954-10A-01D-2184-08,c.1923A>T,p.Arg641Ser,p.R641S,ENST00000360538,3/3,221,193,28,363,,,
TCGA-LUAD,TCGA-86-7954,079ae0b3-b64b-4b8e-ab7d-225b8046568c,TCGA-86-7954-10A; TCGA-86-7954-01A,Blood Derived Normal; Primary Tumor,2ff606b8-6f4d-4b67-9cbb-f3c9ac6755bc,782eaec0-34e1-4561-a190-2355811282e9.wxs.aliquot_ensemble_masked.maf.gz,PSAT1,29968,BI,GRCh38,chr9,78328169,78328169,+,Silent,SNP,T,T,C,,TCGA-86-7954-01A-11D-2184-08,TCGA-86-7954-10A-01D-2184-08,c.988T>C,p.Leu330=,p.L330=,ENST00000376588,8/9,35,31,4,67,,,
TCGA-LUAD,TCGA-86-7954,079ae0b3-b64b-4b8e-ab7d-225b8046568c,TCGA-86-7954-10A; TCGA-86-7954-01A,Blood Derived Normal; Primary Tumor,2ff606b8-6f4d-4b67-9cbb-f3c9ac6755bc,782eaec0-34e1-4561-a190-2355811282e9.wxs.aliquot_ensemble_masked.maf.gz,OR13C2,392376,BI,GRCh38,chr9,104605607,104605607,+,Silent,SNP,G,G,T,,TCGA-86-7954-01A-11D-2184-08,TCGA-86-7954-10A-01D-2184-08,c.21C>A,p.Thr7=,p.T7=,ENST00000542196,1/1,66,58,8,128,,,
TCGA-LUAD,TCGA-86-7954,079ae0b3-b64b-4b8e-ab7d-225b8046568c,TCGA-86-7954-10A; TCGA-86-7954-01A,Blood Derived Normal; Primary Tumor,2ff606b8-6f4d-4b67-9cbb-f3c9ac6755bc,782eaec0-34e1-4561-a190-2355811282e9.wxs.aliquot_ensemble_masked.maf.gz,OR1J4,26219,BI,GRCh38,chr9,122519725,122519725,+,Silent,SNP,T,T,C,,TCGA-86-7954-01A-11D-2184-08,TCGA-86-7954-10A-01D-2184-08,c.585T>C,p.Asn195=,p.N195=,ENST00000340750,1/1,51,44,6,86,,,
TCGA-LUAD,TCGA-86-7954,079ae0b3-b64b-4b8e-ab7d-225b8046568c,TCGA-86-7954-10A; TCGA-86-7954-01A,Blood Derived Normal; Primary Tumor,2ff606b8-6f4d-4b67-9cbb-f3c9ac6755bc,782eaec0-34e1-4561-a190-2355811282e9.wxs.aliquot_ensemble_masked.maf.gz,SLC34A3,142680,BI,GRCh38,chr9,137231753,137231753,+,Silent,SNP,G,G,A,rs528614270,TCGA-86-7954-01A-11D-2184-08,TCGA-86-7954-10A-01D-2184-08,c.51G>A,p.Ala17=,p.A17=,ENST00000361134,2/13,138,110,27,236,,,
TCGA-LUAD,TCGA-86-7954,079ae0b3-b64b-4b8e-ab7d-225b8046568c,TCGA-86-7954-10A; TCGA-86-7954-01A,Blood Derived Normal; Primary Tumor,2ff606b8-6f4d-4b67-9cbb-f3c9ac6755bc,782eaec0-34e1-4561-a190-2355811282e9.wxs.aliquot_ensemble_masked.maf.gz,MRC1,4360,BI,GRCh38,chr10,17870928,17870928,+,Missense_Mutation,SNP,G,G,T,novel,TCGA-86-7954-01A-11D-2184-08,TCGA-86-7954-10A-01D-2184-08,c.2192G>T,p.Gly731Val,p.G731V,ENST00000569591,14/30,276,221,55,381,,,
TCGA-LUAD,TCGA-86-7954,079ae0b3-b64b-4b8e-ab7d-225b8046568c,TCGA-86-7954-10A; TCGA-86-7954-01A,Blood Derived Normal; Primary Tumor,2ff606b8-6f4d-4b67-9cbb-f3c9ac6755bc,782eaec0-34e1-4561-a190-2355811282e9.wxs.aliquot_ensemble_masked.maf.gz,SLC39A12,221074,BI,GRCh38,chr10,17991233,17991233,+,Nonsense_Mutation,SNP,T,T,A,,TCGA-86-7954-01A-11D-2184-08,TCGA-86-7954-10A-01D-2184-08,c.1352T>A,p.Leu451Ter,p.L451*,ENST00000377369,8/13,24,21,3,66,,,
TCGA-LUAD,TCGA-86-7954,079ae0b3-b64b-4b8e-ab7d-225b8046568c,TCGA-86-7954-10A; TCGA-86-7954-01A,Blood Derived Normal; Primary Tumor,2ff606b8-6f4d-4b67-9cbb-f3c9ac6755bc,782eaec0-34e1-4561-a190-2355811282e9.wxs.aliquot_ensemble_masked.maf.gz,PTF1A,256297,BI,GRCh38,chr10,23193846,23193846,+,Silent,SNP,C,C,G,,TCGA-86-7954-01A-11D-2184-08,TCGA-86-7954-10A-01D-2184-08,c.927C>G,p.Leu309=,p.L309=,ENST00000376504,2/2,156,144,10,185,,,
TCGA-LUAD,TCGA-86-7954,079ae0b3-b64b-4b8e-ab7d-225b8046568c,TCGA-86-7954-10A; TCGA-86-7954-01A,Blood Derived Normal; Primary Tumor,2ff606b8-6f4d-4b67-9cbb-f3c9ac6755bc,782eaec0-34e1-4561-a190-2355811282e9.wxs.aliquot_ensemble_masked.maf.gz,ANKRD30A,91074,BI,GRCh38,chr10,37199762,37199762,+,Missense_Mutation,SNP,G,G,T,,TCGA-86-7954-01A-11D-2184-08,TCGA-86-7954-10A-01D-2184-08,c.2752G>T,p.Val918Phe,p.V918F,ENST00000611781,30/36,46,40,6,29,,,
TCGA-LUAD,TCGA-86-7954,079ae0b3-b64b-4b8e-ab7d-225b8046568c,TCGA-86-7954-10A; TCGA-86-7954-01A,Blood Derived Normal; Primary Tumor,2ff606b8-6f4d-4b67-9cbb-f3c9ac6755bc,782eaec0-34e1-4561-a190-2355811282e9.wxs.aliquot_ensemble_masked.maf.gz,MYPN,84665,BI,GRCh38,chr10,68166413,68166413,+,Missense_Mutation,SNP,C,C,T,,TCGA-86-7954-01A-11D-2184-08,TCGA-86-7954-10A-01D-2184-08,c.1720C>T,p.Pro574Ser,p.P574S,ENST00000358913,10/20,42,35,7,56,,,
TCGA-LUAD,TCGA-86-7954,079ae0b3-b64b-4b8e-ab7d-225b8046568c,TCGA-86-7954-10A; TCGA-86-7954-01A,Blood Derived Normal; Primary Tumor,2ff606b8-6f4d-4b67-9cbb-f3c9ac6755bc,782eaec0-34e1-4561-a190-2355811282e9.wxs.aliquot_ensemble_masked.maf.gz,MAT1A,4143,BI,GRCh38,chr10,80289403,80289403,+,Silent,SNP,G,G,T,,TCGA-86-7954-01A-11D-2184-08,TCGA-86-7954-10A-01D-2184-08,c.21C>A,p.Gly7=,p.G7=,ENST00000372213,1/9,110,88,22,156,,,
TCGA-LUAD,TCGA-86-7954,079ae0b3-b64b-4b8e-ab7d-225b8046568c,TCGA-86-7954-10A; TCGA-86-7954-01A,Blood Derived Normal; Primary Tumor,2ff606b8-6f4d-4b67-9cbb-f3c9ac6755bc,782eaec0-34e1-4561-a190-2355811282e9.wxs.aliquot_ensemble_masked.maf.gz,BTAF1,9044,BI,GRCh38,chr10,92024933,92024933,+,Missense_Mutation,SNP,A,A,G,,TCGA-86-7954-01A-11D-2184-08,TCGA-86-7954-10A-01D-2184-08,c.5041A>G,p.Ile1681Val,p.I1681V,ENST00000265990,35/38,170,125,45,222,,,
TCGA-LUAD,TCGA-86-7954,079ae0b3-b64b-4b8e-ab7d-225b8046568c,TCGA-86-7954-10A; TCGA-86-7954-01A,Blood Derived Normal; Primary Tumor,2ff606b8-6f4d-4b67-9cbb-f3c9ac6755bc,782eaec0-34e1-4561-a190-2355811282e9.wxs.aliquot_ensemble_masked.maf.gz,PLCE1,51196,BI,GRCh38,chr10,94273640,94273640,+,Missense_Mutation,SNP,G,G,T,,TCGA-86-7954-01A-11D-2184-08,TCGA-86-7954-10A-01D-2184-08,c.4585G>T,p.Asp1529Tyr,p.D1529Y,ENST00000371380,19/33,50,44,6,68,,,
TCGA-LUAD,TCGA-86-7954,079ae0b3-b64b-4b8e-ab7d-225b8046568c,TCGA-86-7954-10A; TCGA-86-7954-01A,Blood Derived Normal; Primary Tumor,2ff606b8-6f4d-4b67-9cbb-f3c9ac6755bc,782eaec0-34e1-4561-a190-2355811282e9.wxs.aliquot_ensemble_masked.maf.gz,ZNF518A,9849,BI,GRCh38,chr10,96158762,96158762,+,Missense_Mutation,SNP,G,G,T,,TCGA-86-7954-01A-11D-2184-08,TCGA-86-7954-10A-01D-2184-08,c.2440G>T,p.Asp814Tyr,p.D814Y,ENST00000316045,6/6,35,28,7,54,,,
TCGA-LUAD,TCGA-86-7954,079ae0b3-b64b-4b8e-ab7d-225b8046568c,TCGA-86-7954-10A; TCGA-86-7954-01A,Blood Derived Normal; Primary Tumor,2ff606b8-6f4d-4b67-9cbb-f3c9ac6755bc,782eaec0-34e1-4561-a190-2355811282e9.wxs.aliquot_ensemble_masked.maf.gz,SEC31B,25956,BI,GRCh38,chr10,100498774,100498774,+,Missense_Mutation,SNP,C,C,A,,TCGA-86-7954-01A-11D-2184-08,TCGA-86-7954-10A-01D-2184-08,c.1615G>T,p.Ala539Ser,p.A539S,ENST00000370345,14/26,86,74,12,104,,,
TCGA-LUAD,TCGA-86-7954,079ae0b3-b64b-4b8e-ab7d-225b8046568c,TCGA-86-7954-10A; TCGA-86-7954-01A,Blood Derived Normal; Primary Tumor,2ff606b8-6f4d-4b67-9cbb-f3c9ac6755bc,782eaec0-34e1-4561-a190-2355811282e9.wxs.aliquot_ensemble_masked.maf.gz,C10orf95,79946,BI,GRCh38,chr10,102451113,102451113,+,5'UTR,SNP,T,T,A,,TCGA-86-7954-01A-11D-2184-08,TCGA-86-7954-10A-01D-2184-08,c.-20A>T,,,ENST00000625129,2/2,30,25,5,33,,,
TCGA-LUAD,TCGA-86-7954,079ae0b3-b64b-4b8e-ab7d-225b8046568c,TCGA-86-7954-10A; TCGA-86-7954-01A,Blood Derived Normal; Primary Tumor,2ff606b8-6f4d-4b67-9cbb-f3c9ac6755bc,782eaec0-34e1-4561-a190-2355811282e9.wxs.aliquot_ensemble_masked.maf.gz,ADGRA1,84435,BI,GRCh38,chr10,133071038,133071038,+,Missense_Mutation,SNP,G,G,A,rs369673758,TCGA-86-7954-01A-11D-2184-08,TCGA-86-7954-10A-01D-2184-08,c.110G>A,p.Arg37Gln,p.R37Q,ENST00000607359,1/16,39,27,11,30,,,
TCGA-LUAD,TCGA-86-7954,079ae0b3-b64b-4b8e-ab7d-225b8046568c,TCGA-86-7954-10A; TCGA-86-7954-01A,Blood Derived Normal; Primary Tumor,2ff606b8-6f4d-4b67-9cbb-f3c9ac6755bc,782eaec0-34e1-4561-a190-2355811282e9.wxs.aliquot_ensemble_masked.maf.gz,OR52D1,390066,BI,GRCh38,chr11,5489630,5489630,+,Silent,SNP,A,A,G,,TCGA-86-7954-01A-11D-2184-08,TCGA-86-7954-10A-01D-2184-08,c.924A>G,p.Leu308=,p.L308=,ENST00000322641,1/1,80,68,12,73,,,
TCGA-LUAD,TCGA-86-7954,079ae0b3-b64b-4b8e-ab7d-225b8046568c,TCGA-86-7954-10A; TCGA-86-7954-01A,Blood Derived Normal; Primary Tumor,2ff606b8-6f4d-4b67-9cbb-f3c9ac6755bc,782eaec0-34e1-4561-a190-2355811282e9.wxs.aliquot_ensemble_masked.maf.gz,TCP11L1,55346,BI,GRCh38,chr11,33072614,33072614,+,Missense_Mutation,SNP,A,A,G,,TCGA-86-7954-01A-11D-2184-08,TCGA-86-7954-10A-01D-2184-08,c.1468A>G,p.Asn490Asp,p.N490D,ENST00000334274,10/10,145,127,17,173,,,
TCGA-LUAD,TCGA-86-7954,079ae0b3-b64b-4b8e-ab7d-225b8046568c,TCGA-86-7954-10A; TCGA-86-7954-01A,Blood Derived Normal; Primary Tumor,2ff606b8-6f4d-4b67-9cbb-f3c9ac6755bc,782eaec0-34e1-4561-a190-2355811282e9.wxs.aliquot_ensemble_masked.maf.gz,LRRC4C,57689,BI,GRCh38,chr11,40116091,40116091,+,Missense_Mutation,SNP,G,G,C,,TCGA-86-7954-01A-11D-2184-08,TCGA-86-7954-10A-01D-2184-08,c.202C>G,p.Arg68Gly,p.R68G,ENST00000278198,2/2,79,61,18,81,,,
TCGA-LUAD,TCGA-86-7954,079ae0b3-b64b-4b8e-ab7d-225b8046568c,TCGA-86-7954-10A; TCGA-86-7954-01A,Blood Derived Normal; Primary Tumor,2ff606b8-6f4d-4b67-9cbb-f3c9ac6755bc,782eaec0-34e1-4561-a190-2355811282e9.wxs.aliquot_ensemble_masked.maf.gz,OR5D16,390144,BI,GRCh38,chr11,55839122,55839122,+,Missense_Mutation,SNP,A,A,T,,TCGA-86-7954-01A-11D-2184-08,TCGA-86-7954-10A-01D-2184-08,c.371A>T,p.His124Leu,p.H124L,ENST00000378396,1/1,121,95,25,173,,,
TCGA-LUAD,TCGA-86-7954,079ae0b3-b64b-4b8e-ab7d-225b8046568c,TCGA-86-7954-10A; TCGA-86-7954-01A,Blood Derived Normal; Primary Tumor,2ff606b8-6f4d-4b67-9cbb-f3c9ac6755bc,782eaec0-34e1-4561-a190-2355811282e9.wxs.aliquot_ensemble_masked.maf.gz,OR8K1,390157,BI,GRCh38,chr11,56346643,56346643,+,Missense_Mutation,SNP,A,A,G,,TCGA-86-7954-01A-11D-2184-08,TCGA-86-7954-10A-01D-2184-08,c.605A>G,p.Glu202Gly,p.E202G,ENST00000279783,1/1,125,108,17,140,,,
TCGA-LUAD,TCGA-86-7954,079ae0b3-b64b-4b8e-ab7d-225b8046568c,TCGA-86-7954-10A; TCGA-86-7954-01A,Blood Derived Normal; Primary Tumor,2ff606b8-6f4d-4b67-9cbb-f3c9ac6755bc,782eaec0-34e1-4561-a190-2355811282e9.wxs.aliquot_ensemble_masked.maf.gz,EHBP1L1,254102,BI,GRCh38,chr11,65581860,65581860,+,Silent,SNP,A,A,G,,TCGA-86-7954-01A-11D-2184-08,TCGA-86-7954-10A-01D-2184-08,c.1188A>G,p.Pro396=,p.P396=,ENST00000309295,9/19,38,29,8,40,,,
TCGA-LUAD,TCGA-86-7954,079ae0b3-b64b-4b8e-ab7d-225b8046568c,TCGA-86-7954-10A; TCGA-86-7954-01A,Blood Derived Normal; Primary Tumor,2ff606b8-6f4d-4b67-9cbb-f3c9ac6755bc,782eaec0-34e1-4561-a190-2355811282e9.wxs.aliquot_ensemble_masked.maf.gz,SLC36A4,120103,BI,GRCh38,chr11,93154131,93154131,+,Missense_Mutation,SNP,C,C,G,,TCGA-86-7954-01A-11D-2184-08,TCGA-86-7954-10A-01D-2184-08,c.1184G>C,p.Arg395Thr,p.R395T,ENST00000326402,10/11,114,101,13,141,,,
TCGA-LUAD,TCGA-86-7954,079ae0b3-b64b-4b8e-ab7d-225b8046568c,TCGA-86-7954-10A; TCGA-86-7954-01A,Blood Derived Normal; Primary Tumor,2ff606b8-6f4d-4b67-9cbb-f3c9ac6755bc,782eaec0-34e1-4561-a190-2355811282e9.wxs.aliquot_ensemble_masked.maf.gz,DDI1,414301,BI,GRCh38,chr11,104036925,104036925,+,Missense_Mutation,SNP,G,G,A,,TCGA-86-7954-01A-11D-2184-08,TCGA-86-7954-10A-01D-2184-08,c.103G>A,p.Glu35Lys,p.E35K,ENST00000302259,1/1,119,109,10,151,,,
TCGA-LUAD,TCGA-86-7954,079ae0b3-b64b-4b8e-ab7d-225b8046568c,TCGA-86-7954-10A; TCGA-86-7954-01A,Blood Derived Normal; Primary Tumor,2ff606b8-6f4d-4b67-9cbb-f3c9ac6755bc,782eaec0-34e1-4561-a190-2355811282e9.wxs.aliquot_ensemble_masked.maf.gz,SORL1,6653,BI,GRCh38,chr11,121604250,121604250,+,Missense_Mutation,SNP,C,C,T,,TCGA-86-7954-01A-11D-2184-08,TCGA-86-7954-10A-01D-2184-08,c.4577C>T,p.Ala1526Val,p.A1526V,ENST00000260197,33/48,204,166,38,205,,,
TCGA-LUAD,TCGA-86-7954,079ae0b3-b64b-4b8e-ab7d-225b8046568c,TCGA-86-7954-10A; TCGA-86-7954-01A,Blood Derived Normal; Primary Tumor,2ff606b8-6f4d-4b67-9cbb-f3c9ac6755bc,782eaec0-34e1-4561-a190-2355811282e9.wxs.aliquot_ensemble_masked.maf.gz,OR6X1,390260,BI,GRCh38,chr11,123753651,123753651,+,Missense_Mutation,SNP,T,T,A,,TCGA-86-7954-01A-11D-2184-08,TCGA-86-7954-10A-01D-2184-08,c.868A>T,p.Ile290Phe,p.I290F,ENST00000327930,1/1,122,105,17,149,,,
TCGA-LUAD,TCGA-86-7954,079ae0b3-b64b-4b8e-ab7d-225b8046568c,TCGA-86-7954-10A; TCGA-86-7954-01A,Blood Derived Normal; Primary Tumor,2ff606b8-6f4d-4b67-9cbb-f3c9ac6755bc,782eaec0-34e1-4561-a190-2355811282e9.wxs.aliquot_ensemble_masked.maf.gz,OR6X1,390260,BI,GRCh38,chr11,123753652,123753652,+,Silent,SNP,A,A,T,,TCGA-86-7954-01A-11D-2184-08,TCGA-86-7954-10A-01D-2184-08,c.867T>A,p.Thr289=,p.T289=,ENST00000327930,1/1,122,105,17,146,,,
TCGA-LUAD,TCGA-86-7954,079ae0b3-b64b-4b8e-ab7d-225b8046568c,TCGA-86-7954-10A; TCGA-86-7954-01A,Blood Derived Normal; Primary Tumor,2ff606b8-6f4d-4b67-9cbb-f3c9ac6755bc,782eaec0-34e1-4561-a190-2355811282e9.wxs.aliquot_ensemble_masked.maf.gz,OR10S1,219873,BI,GRCh38,chr11,123976983,123976983,+,Missense_Mutation,SNP,C,C,A,,TCGA-86-7954-01A-11D-2184-08,TCGA-86-7954-10A-01D-2184-08,c.709G>T,p.Ala237Ser,p.A237S,ENST00000531945,1/1,78,63,15,92,,,
TCGA-LUAD,TCGA-86-7954,079ae0b3-b64b-4b8e-ab7d-225b8046568c,TCGA-86-7954-10A; TCGA-86-7954-01A,Blood Derived Normal; Primary Tumor,2ff606b8-6f4d-4b67-9cbb-f3c9ac6755bc,782eaec0-34e1-4561-a190-2355811282e9.wxs.aliquot_ensemble_masked.maf.gz,PUS3,83480,BI,GRCh38,chr11,125895676,125895676,+,Silent,SNP,G,G,C,,TCGA-86-7954-01A-11D-2184-08,TCGA-86-7954-10A-01D-2184-08,c.492C>G,p.Leu164=,p.L164=,ENST00000227474,3/4,101,92,9,134,,,
TCGA-LUAD,TCGA-86-7954,079ae0b3-b64b-4b8e-ab7d-225b8046568c,TCGA-86-7954-10A; TCGA-86-7954-01A,Blood Derived Normal; Primary Tumor,2ff606b8-6f4d-4b67-9cbb-f3c9ac6755bc,782eaec0-34e1-4561-a190-2355811282e9.wxs.aliquot_ensemble_masked.maf.gz,MFAP5,8076,BI,GRCh38,chr12,8662081,8662081,+,Silent,SNP,C,C,G,rs1279885534,TCGA-86-7954-01A-11D-2184-08,TCGA-86-7954-10A-01D-2184-08,c.24G>C,p.Val8=,p.V8=,ENST00000359478,2/10,39,31,8,61,,,
TCGA-LUAD,TCGA-86-7954,079ae0b3-b64b-4b8e-ab7d-225b8046568c,TCGA-86-7954-10A; TCGA-86-7954-01A,Blood Derived Normal; Primary Tumor,2ff606b8-6f4d-4b67-9cbb-f3c9ac6755bc,782eaec0-34e1-4561-a190-2355811282e9.wxs.aliquot_ensemble_masked.maf.gz,PTPRO,5800,BI,GRCh38,chr12,15589461,15589461,+,Silent,SNP,C,C,A,rs370164792,TCGA-86-7954-01A-11D-2184-08,TCGA-86-7954-10A-01D-2184-08,c.3417C>A,p.Gly1139=,p.G1139=,ENST00000281171,25/27,195,150,45,261,,,
TCGA-LUAD,TCGA-86-7954,079ae0b3-b64b-4b8e-ab7d-225b8046568c,TCGA-86-7954-10A; TCGA-86-7954-01A,Blood Derived Normal; Primary Tumor,2ff606b8-6f4d-4b67-9cbb-f3c9ac6755bc,782eaec0-34e1-4561-a190-2355811282e9.wxs.aliquot_ensemble_masked.maf.gz,AC024940.1,0,BI,GRCh38,chr12,31150235,31150235,+,RNA,SNP,G,G,A,rs745981038,TCGA-86-7954-01A-11D-2184-08,TCGA-86-7954-10A-01D-2184-08,n.2404C>T,,,ENST00000641844,19/46,52,46,6,60,,,
TCGA-LUAD,TCGA-86-7954,079ae0b3-b64b-4b8e-ab7d-225b8046568c,TCGA-86-7954-10A; TCGA-86-7954-01A,Blood Derived Normal; Primary Tumor,2ff606b8-6f4d-4b67-9cbb-f3c9ac6755bc,782eaec0-34e1-4561-a190-2355811282e9.wxs.aliquot_ensemble_masked.maf.gz,YARS2,51067,BI,GRCh38,chr12,32755462,32755462,+,Missense_Mutation,SNP,C,C,T,rs1205614378,TCGA-86-7954-01A-11D-2184-08,TCGA-86-7954-10A-01D-2184-08,c.413G>A,p.Arg138Gln,p.R138Q,ENST00000324868,1/5,14,9,5,12,,,
TCGA-LUAD,TCGA-86-7954,079ae0b3-b64b-4b8e-ab7d-225b8046568c,TCGA-86-7954-10A; TCGA-86-7954-01A,Blood Derived Normal; Primary Tumor,2ff606b8-6f4d-4b67-9cbb-f3c9ac6755bc,782eaec0-34e1-4561-a190-2355811282e9.wxs.aliquot_ensemble_masked.maf.gz,CACNB3,784,BI,GRCh38,chr12,48827716,48827716,+,Silent,SNP,C,C,T,rs1195918171,TCGA-86-7954-01A-11D-2184-08,TCGA-86-7954-10A-01D-2184-08,c.1272C>T,p.His424=,p.H424=,ENST00000301050,13/13,115,86,29,109,,,
TCGA-LUAD,TCGA-86-7954,079ae0b3-b64b-4b8e-ab7d-225b8046568c,TCGA-86-7954-10A; TCGA-86-7954-01A,Blood Derived Normal; Primary Tumor,2ff606b8-6f4d-4b67-9cbb-f3c9ac6755bc,782eaec0-34e1-4561-a190-2355811282e9.wxs.aliquot_ensemble_masked.maf.gz,RACGAP1,29127,BI,GRCh38,chr12,49999221,49999221,+,Nonsense_Mutation,SNP,C,C,A,,TCGA-86-7954-01A-11D-2184-08,TCGA-86-7954-10A-01D-2184-08,c.799G>T,p.Glu267Ter,p.E267*,ENST00000312377,9/17,189,62,127,69,,,
TCGA-LUAD,TCGA-86-7954,079ae0b3-b64b-4b8e-ab7d-225b8046568c,TCGA-86-7954-10A; TCGA-86-7954-01A,Blood Derived Normal; Primary Tumor,2ff606b8-6f4d-4b67-9cbb-f3c9ac6755bc,782eaec0-34e1-4561-a190-2355811282e9.wxs.aliquot_ensemble_masked.maf.gz,CPM,1368,BI,GRCh38,chr12,68932828,68932828,+,Missense_Mutation,SNP,G,G,A,,TCGA-86-7954-01A-11D-2184-08,TCGA-86-7954-10A-01D-2184-08,c.10C>T,p.Pro4Ser,p.P4S,ENST00000338356,1/8,73,52,20,99,,,
TCGA-LUAD,TCGA-86-7954,079ae0b3-b64b-4b8e-ab7d-225b8046568c,TCGA-86-7954-10A; TCGA-86-7954-01A,Blood Derived Normal; Primary Tumor,2ff606b8-6f4d-4b67-9cbb-f3c9ac6755bc,782eaec0-34e1-4561-a190-2355811282e9.wxs.aliquot_ensemble_masked.maf.gz,ACSS3,79611,BI,GRCh38,chr12,81216983,81216983,+,Silent,SNP,C,C,A,,TCGA-86-7954-01A-11D-2184-08,TCGA-86-7954-10A-01D-2184-08,c.1437C>A,p.Val479=,p.V479=,ENST00000548058,10/16,59,52,7,62,,,
TCGA-LUAD,TCGA-86-7954,079ae0b3-b64b-4b8e-ab7d-225b8046568c,TCGA-86-7954-10A; TCGA-86-7954-01A,Blood Derived Normal; Primary Tumor,2ff606b8-6f4d-4b67-9cbb-f3c9ac6755bc,782eaec0-34e1-4561-a190-2355811282e9.wxs.aliquot_ensemble_masked.maf.gz,DNAH10,196385,BI,GRCh38,chr12,123879718,123879718,+,Missense_Mutation,SNP,G,G,T,,TCGA-86-7954-01A-11D-2184-08,TCGA-86-7954-10A-01D-2184-08,c.8380G>T,p.Asp2794Tyr,p.D2794Y,ENST00000409039,49/78,218,155,63,250,,,
TCGA-LUAD,TCGA-86-7954,079ae0b3-b64b-4b8e-ab7d-225b8046568c,TCGA-86-7954-10A; TCGA-86-7954-01A,Blood Derived Normal; Primary Tumor,2ff606b8-6f4d-4b67-9cbb-f3c9ac6755bc,782eaec0-34e1-4561-a190-2355811282e9.wxs.aliquot_ensemble_masked.maf.gz,SCARB1,949,BI,GRCh38,chr12,124786419,124786419,+,Missense_Mutation,SNP,C,C,T,rs779551591,TCGA-86-7954-01A-11D-2184-08,TCGA-86-7954-10A-01D-2184-08,c.1339G>A,p.Val447Ile,p.V447I,ENST00000415380,11/12,174,163,10,170,,,
TCGA-LUAD,TCGA-86-7954,079ae0b3-b64b-4b8e-ab7d-225b8046568c,TCGA-86-7954-10A; TCGA-86-7954-01A,Blood Derived Normal; Primary Tumor,2ff606b8-6f4d-4b67-9cbb-f3c9ac6755bc,782eaec0-34e1-4561-a190-2355811282e9.wxs.aliquot_ensemble_masked.maf.gz,PARP4,143,BI,GRCh38,chr13,24503673,24503673,+,Missense_Mutation,SNP,C,C,A,,TCGA-86-7954-01A-11D-2184-08,TCGA-86-7954-10A-01D-2184-08,c.104G>T,p.Gly35Val,p.G35V,ENST00000381989,2/34,44,36,8,96,,,
TCGA-LUAD,TCGA-86-7954,079ae0b3-b64b-4b8e-ab7d-225b8046568c,TCGA-86-7954-10A; TCGA-86-7954-01A,Blood Derived Normal; Primary Tumor,2ff606b8-6f4d-4b67-9cbb-f3c9ac6755bc,782eaec0-34e1-4561-a190-2355811282e9.wxs.aliquot_ensemble_masked.maf.gz,CSNK1A1L,122011,BI,GRCh38,chr13,37105013,37105013,+,Missense_Mutation,SNP,C,C,T,,TCGA-86-7954-01A-11D-2184-08,TCGA-86-7954-10A-01D-2184-08,c.244G>A,p.Glu82Lys,p.E82K,ENST00000379800,1/1,81,64,17,114,,,
TCGA-LUAD,TCGA-86-7954,079ae0b3-b64b-4b8e-ab7d-225b8046568c,TCGA-86-7954-10A; TCGA-86-7954-01A,Blood Derived Normal; Primary Tumor,2ff606b8-6f4d-4b67-9cbb-f3c9ac6755bc,782eaec0-34e1-4561-a190-2355811282e9.wxs.aliquot_ensemble_masked.maf.gz,KLHL1,57626,BI,GRCh38,chr13,70107329,70107329,+,Nonsense_Mutation,SNP,G,G,T,,TCGA-86-7954-01A-11D-2184-08,TCGA-86-7954-10A-01D-2184-08,c.371C>A,p.Ser124Ter,p.S124*,ENST00000377844,1/11,67,60,7,80,,,
TCGA-LUAD,TCGA-86-7954,079ae0b3-b64b-4b8e-ab7d-225b8046568c,TCGA-86-7954-10A; TCGA-86-7954-01A,Blood Derived Normal; Primary Tumor,2ff606b8-6f4d-4b67-9cbb-f3c9ac6755bc,782eaec0-34e1-4561-a190-2355811282e9.wxs.aliquot_ensemble_masked.maf.gz,SLITRK1,114798,BI,GRCh38,chr13,83879490,83879490,+,Missense_Mutation,SNP,C,C,A,,TCGA-86-7954-01A-11D-2184-08,TCGA-86-7954-10A-01D-2184-08,c.2018G>T,p.Trp673Leu,p.W673L,ENST00000377084,1/1,41,33,8,58,,,
TCGA-LUAD,TCGA-86-7954,079ae0b3-b64b-4b8e-ab7d-225b8046568c,TCGA-86-7954-10A; TCGA-86-7954-01A,Blood Derived Normal; Primary Tumor,2ff606b8-6f4d-4b67-9cbb-f3c9ac6755bc,782eaec0-34e1-4561-a190-2355811282e9.wxs.aliquot_ensemble_masked.maf.gz,MYO16,23026,BI,GRCh38,chr13,108961603,108961603,+,Missense_Mutation,SNP,C,C,T,rs200506397,TCGA-86-7954-01A-11D-2184-08,TCGA-86-7954-10A-01D-2184-08,c.2036C>T,p.Ala679Val,p.A679V,ENST00000356711,18/35,85,73,11,135,,,
TCGA-LUAD,TCGA-86-7954,079ae0b3-b64b-4b8e-ab7d-225b8046568c,TCGA-86-7954-10A; TCGA-86-7954-01A,Blood Derived Normal; Primary Tumor,2ff606b8-6f4d-4b67-9cbb-f3c9ac6755bc,782eaec0-34e1-4561-a190-2355811282e9.wxs.aliquot_ensemble_masked.maf.gz,OR4N5,390437,BI,GRCh38,chr14,20144324,20144324,+,Missense_Mutation,SNP,C,C,T,,TCGA-86-7954-01A-11D-2184-08,TCGA-86-7954-10A-01D-2184-08,c.589C>T,p.Leu197Phe,p.L197F,ENST00000333629,1/1,48,43,5,62,,,
TCGA-LUAD,TCGA-86-7954,079ae0b3-b64b-4b8e-ab7d-225b8046568c,TCGA-86-7954-10A; TCGA-86-7954-01A,Blood Derived Normal; Primary Tumor,2ff606b8-6f4d-4b67-9cbb-f3c9ac6755bc,782eaec0-34e1-4561-a190-2355811282e9.wxs.aliquot_ensemble_masked.maf.gz,HECTD1,25831,BI,GRCh38,chr14,31100929,31100929,+,3'UTR,SNP,C,C,T,,TCGA-86-7954-01A-11D-2184-08,TCGA-86-7954-10A-01D-2184-08,c.*1G>A,,,ENST00000399332,43/43,56,49,7,91,,,
TCGA-LUAD,TCGA-86-7954,079ae0b3-b64b-4b8e-ab7d-225b8046568c,TCGA-86-7954-10A; TCGA-86-7954-01A,Blood Derived Normal; Primary Tumor,2ff606b8-6f4d-4b67-9cbb-f3c9ac6755bc,782eaec0-34e1-4561-a190-2355811282e9.wxs.aliquot_ensemble_masked.maf.gz,AKAP6,9472,BI,GRCh38,chr14,32545923,32545923,+,Missense_Mutation,SNP,A,A,T,,TCGA-86-7954-01A-11D-2184-08,TCGA-86-7954-10A-01D-2184-08,c.1270A>T,p.Ser424Cys,p.S424C,ENST00000280979,4/14,228,199,29,281,,,
TCGA-LUAD,TCGA-86-7954,079ae0b3-b64b-4b8e-ab7d-225b8046568c,TCGA-86-7954-10A; TCGA-86-7954-01A,Blood Derived Normal; Primary Tumor,2ff606b8-6f4d-4b67-9cbb-f3c9ac6755bc,782eaec0-34e1-4561-a190-2355811282e9.wxs.aliquot_ensemble_masked.maf.gz,DCAF4,26094,BI,GRCh38,chr14,72954186,72954186,+,Silent,SNP,C,C,T,,TCGA-86-7954-01A-11D-2184-08,TCGA-86-7954-10A-01D-2184-08,c.831C>T,p.Leu277=,p.L277=,ENST00000358377,10/14,373,324,49,454,,,
TCGA-LUAD,TCGA-86-7954,079ae0b3-b64b-4b8e-ab7d-225b8046568c,TCGA-86-7954-10A; TCGA-86-7954-01A,Blood Derived Normal; Primary Tumor,2ff606b8-6f4d-4b67-9cbb-f3c9ac6755bc,782eaec0-34e1-4561-a190-2355811282e9.wxs.aliquot_ensemble_masked.maf.gz,NRXN3,9369,BI,GRCh38,chr14,78968323,78968323,+,Missense_Mutation,SNP,G,G,A,,TCGA-86-7954-01A-11D-2184-08,TCGA-86-7954-10A-01D-2184-08,c.3119G>A,p.Gly1040Glu,p.G1040E,ENST00000335750,14/21,82,72,9,95,,,
TCGA-LUAD,TCGA-86-7954,079ae0b3-b64b-4b8e-ab7d-225b8046568c,TCGA-86-7954-10A; TCGA-86-7954-01A,Blood Derived Normal; Primary Tumor,2ff606b8-6f4d-4b67-9cbb-f3c9ac6755bc,782eaec0-34e1-4561-a190-2355811282e9.wxs.aliquot_ensemble_masked.maf.gz,NRDE2,55051,BI,GRCh38,chr14,90298349,90298349,+,Missense_Mutation,SNP,C,C,A,,TCGA-86-7954-01A-11D-2184-08,TCGA-86-7954-10A-01D-2184-08,c.1577G>T,p.Gly526Val,p.G526V,ENST00000354366,8/14,33,29,4,51,,,
TCGA-LUAD,TCGA-86-7954,079ae0b3-b64b-4b8e-ab7d-225b8046568c,TCGA-86-7954-10A; TCGA-86-7954-01A,Blood Derived Normal; Primary Tumor,2ff606b8-6f4d-4b67-9cbb-f3c9ac6755bc,782eaec0-34e1-4561-a190-2355811282e9.wxs.aliquot_ensemble_masked.maf.gz,TTC7B,145567,BI,GRCh38,chr14,90816183,90816183,+,Missense_Mutation,SNP,A,A,G,,TCGA-86-7954-01A-11D-2184-08,TCGA-86-7954-10A-01D-2184-08,c.113T>C,p.Ile38Thr,p.I38T,ENST00000328459,1/20,39,32,6,33,,,
TCGA-LUAD,TCGA-86-7954,079ae0b3-b64b-4b8e-ab7d-225b8046568c,TCGA-86-7954-10A; TCGA-86-7954-01A,Blood Derived Normal; Primary Tumor,2ff606b8-6f4d-4b67-9cbb-f3c9ac6755bc,782eaec0-34e1-4561-a190-2355811282e9.wxs.aliquot_ensemble_masked.maf.gz,UNC79,57578,BI,GRCh38,chr14,93641233,93641233,+,Silent,SNP,G,G,T,,TCGA-86-7954-01A-11D-2184-08,TCGA-86-7954-10A-01D-2184-08,c.6006G>T,p.Thr2002=,p.T2002=,ENST00000393151,34/50,38,32,6,50,,,
TCGA-LUAD,TCGA-86-7954,079ae0b3-b64b-4b8e-ab7d-225b8046568c,TCGA-86-7954-10A; TCGA-86-7954-01A,Blood Derived Normal; Primary Tumor,2ff606b8-6f4d-4b67-9cbb-f3c9ac6755bc,782eaec0-34e1-4561-a190-2355811282e9.wxs.aliquot_ensemble_masked.maf.gz,SERPINA6,866,BI,GRCh38,chr14,94309959,94309959,+,Missense_Mutation,SNP,A,A,T,,TCGA-86-7954-01A-11D-2184-08,TCGA-86-7954-10A-01D-2184-08,c.661T>A,p.Phe221Ile,p.F221I,ENST00000341584,3/5,49,44,4,43,,,
TCGA-LUAD,TCGA-86-7954,079ae0b3-b64b-4b8e-ab7d-225b8046568c,TCGA-86-7954-10A; TCGA-86-7954-01A,Blood Derived Normal; Primary Tumor,2ff606b8-6f4d-4b67-9cbb-f3c9ac6755bc,782eaec0-34e1-4561-a190-2355811282e9.wxs.aliquot_ensemble_masked.maf.gz,SERPINA9,327657,BI,GRCh38,chr14,94463203,94463203,+,Missense_Mutation,SNP,G,G,A,,TCGA-86-7954-01A-11D-2184-08,TCGA-86-7954-10A-01D-2184-08,c.1144C>T,p.Pro382Ser,p.P382S,ENST00000380365,5/5,113,100,13,130,,,
TCGA-LUAD,TCGA-86-7954,079ae0b3-b64b-4b8e-ab7d-225b8046568c,TCGA-86-7954-10A; TCGA-86-7954-01A,Blood Derived Normal; Primary Tumor,2ff606b8-6f4d-4b67-9cbb-f3c9ac6755bc,782eaec0-34e1-4561-a190-2355811282e9.wxs.aliquot_ensemble_masked.maf.gz,IGHA2,3494,BI,GRCh38,chr14,105588245,105588245,+,Missense_Mutation,SNP,T,T,C,,TCGA-86-7954-01A-11D-2184-08,TCGA-86-7954-10A-01D-2184-08,c.151A>G,p.Arg51Gly,p.R51G,ENST00000497872,1/5,95,82,13,93,,,
TCGA-LUAD,TCGA-86-7954,079ae0b3-b64b-4b8e-ab7d-225b8046568c,TCGA-86-7954-10A; TCGA-86-7954-01A,Blood Derived Normal; Primary Tumor,2ff606b8-6f4d-4b67-9cbb-f3c9ac6755bc,782eaec0-34e1-4561-a190-2355811282e9.wxs.aliquot_ensemble_masked.maf.gz,EPB42,2038,BI,GRCh38,chr15,43201909,43201909,+,Silent,SNP,G,G,T,,TCGA-86-7954-01A-11D-2184-08,TCGA-86-7954-10A-01D-2184-08,c.1848C>A,p.Ala616=,p.A616=,ENST00000441366,12/13,118,103,15,141,,,
TCGA-LUAD,TCGA-86-7954,079ae0b3-b64b-4b8e-ab7d-225b8046568c,TCGA-86-7954-10A; TCGA-86-7954-01A,Blood Derived Normal; Primary Tumor,2ff606b8-6f4d-4b67-9cbb-f3c9ac6755bc,782eaec0-34e1-4561-a190-2355811282e9.wxs.aliquot_ensemble_masked.maf.gz,MYO5C,55930,BI,GRCh38,chr15,52261033,52261033,+,Missense_Mutation,SNP,C,C,A,,TCGA-86-7954-01A-11D-2184-08,TCGA-86-7954-10A-01D-2184-08,c.1142G>T,p.Ser381Ile,p.S381I,ENST00000261839,10/41,72,66,6,103,,,
TCGA-LUAD,TCGA-86-7954,079ae0b3-b64b-4b8e-ab7d-225b8046568c,TCGA-86-7954-10A; TCGA-86-7954-01A,Blood Derived Normal; Primary Tumor,2ff606b8-6f4d-4b67-9cbb-f3c9ac6755bc,782eaec0-34e1-4561-a190-2355811282e9.wxs.aliquot_ensemble_masked.maf.gz,CORO2B,10391,BI,GRCh38,chr15,68711640,68711640,+,Silent,SNP,G,G,T,,TCGA-86-7954-01A-11D-2184-08,TCGA-86-7954-10A-01D-2184-08,c.582G>T,p.Leu194=,p.L194=,ENST00000261861,5/12,61,53,8,77,,,
TCGA-LUAD,TCGA-86-7954,079ae0b3-b64b-4b8e-ab7d-225b8046568c,TCGA-86-7954-10A; TCGA-86-7954-01A,Blood Derived Normal; Primary Tumor,2ff606b8-6f4d-4b67-9cbb-f3c9ac6755bc,782eaec0-34e1-4561-a190-2355811282e9.wxs.aliquot_ensemble_masked.maf.gz,LINGO1,84894,BI,GRCh38,chr15,77615817,77615817,+,Silent,SNP,C,C,T,,TCGA-86-7954-01A-11D-2184-08,TCGA-86-7954-10A-01D-2184-08,c.90G>A,p.Val30=,p.V30=,ENST00000355300,2/2,14,10,4,13,,,
TCGA-LUAD,TCGA-86-7954,079ae0b3-b64b-4b8e-ab7d-225b8046568c,TCGA-86-7954-10A; TCGA-86-7954-01A,Blood Derived Normal; Primary Tumor,2ff606b8-6f4d-4b67-9cbb-f3c9ac6755bc,782eaec0-34e1-4561-a190-2355811282e9.wxs.aliquot_ensemble_masked.maf.gz,ABCA3,21,BI,GRCh38,chr16,2326170,2326170,+,Silent,SNP,G,G,A,rs191085051,TCGA-86-7954-01A-11D-2184-08,TCGA-86-7954-10A-01D-2184-08,c.159C>T,p.Asn53=,p.N53=,ENST00000301732,5/33,58,47,11,92,,,
TCGA-LUAD,TCGA-86-7954,079ae0b3-b64b-4b8e-ab7d-225b8046568c,TCGA-86-7954-10A; TCGA-86-7954-01A,Blood Derived Normal; Primary Tumor,2ff606b8-6f4d-4b67-9cbb-f3c9ac6755bc,782eaec0-34e1-4561-a190-2355811282e9.wxs.aliquot_ensemble_masked.maf.gz,SRL,6345,BI,GRCh38,chr16,4192644,4192644,+,Missense_Mutation,SNP,C,C,G,,TCGA-86-7954-01A-11D-2184-08,TCGA-86-7954-10A-01D-2184-08,c.931G>C,p.Glu311Gln,p.E311Q,ENST00000399609,6/6,155,144,11,182,,,
TCGA-LUAD,TCGA-86-7954,079ae0b3-b64b-4b8e-ab7d-225b8046568c,TCGA-86-7954-10A; TCGA-86-7954-01A,Blood Derived Normal; Primary Tumor,2ff606b8-6f4d-4b67-9cbb-f3c9ac6755bc,782eaec0-34e1-4561-a190-2355811282e9.wxs.aliquot_ensemble_masked.maf.gz,BFAR,51283,BI,GRCh38,chr16,14648483,14648483,+,Missense_Mutation,SNP,A,A,T,,TCGA-86-7954-01A-11D-2184-08,TCGA-86-7954-10A-01D-2184-08,c.359A>T,p.Gln120Leu,p.Q120L,ENST00000261658,3/8,254,205,49,277,,,
TCGA-LUAD,TCGA-86-7954,079ae0b3-b64b-4b8e-ab7d-225b8046568c,TCGA-86-7954-10A; TCGA-86-7954-01A,Blood Derived Normal; Primary Tumor,2ff606b8-6f4d-4b67-9cbb-f3c9ac6755bc,782eaec0-34e1-4561-a190-2355811282e9.wxs.aliquot_ensemble_masked.maf.gz,MYH11,4629,BI,GRCh38,chr16,15738677,15738677,+,Silent,SNP,G,G,T,,TCGA-86-7954-01A-11D-2184-08,TCGA-86-7954-10A-01D-2184-08,c.3009C>A,p.Leu1003=,p.L1003=,ENST00000300036,24/41,67,58,9,92,,,
TCGA-LUAD,TCGA-86-7954,079ae0b3-b64b-4b8e-ab7d-225b8046568c,TCGA-86-7954-10A; TCGA-86-7954-01A,Blood Derived Normal; Primary Tumor,2ff606b8-6f4d-4b67-9cbb-f3c9ac6755bc,782eaec0-34e1-4561-a190-2355811282e9.wxs.aliquot_ensemble_masked.maf.gz,ITPRIPL2,162073,BI,GRCh38,chr16,19115987,19115987,+,Missense_Mutation,SNP,C,C,T,,TCGA-86-7954-01A-11D-2184-08,TCGA-86-7954-10A-01D-2184-08,c.1526C>T,p.Ala509Val,p.A509V,ENST00000381440,1/1,80,72,8,94,,,
TCGA-LUAD,TCGA-86-7954,079ae0b3-b64b-4b8e-ab7d-225b8046568c,TCGA-86-7954-10A; TCGA-86-7954-01A,Blood Derived Normal; Primary Tumor,2ff606b8-6f4d-4b67-9cbb-f3c9ac6755bc,782eaec0-34e1-4561-a190-2355811282e9.wxs.aliquot_ensemble_masked.maf.gz,MMP2,4313,BI,GRCh38,chr16,55479581,55479581,+,Silent,SNP,C,C,T,,TCGA-86-7954-01A-11D-2184-08,TCGA-86-7954-10A-01D-2184-08,c.102C>T,p.Ile34=,p.I34=,ENST00000219070,1/13,44,40,4,65,,,
TCGA-LUAD,TCGA-86-7954,079ae0b3-b64b-4b8e-ab7d-225b8046568c,TCGA-86-7954-10A; TCGA-86-7954-01A,Blood Derived Normal; Primary Tumor,2ff606b8-6f4d-4b67-9cbb-f3c9ac6755bc,782eaec0-34e1-4561-a190-2355811282e9.wxs.aliquot_ensemble_masked.maf.gz,LPCAT2,54947,BI,GRCh38,chr16,55534466,55534466,+,Silent,SNP,A,A,G,,TCGA-86-7954-01A-11D-2184-08,TCGA-86-7954-10A-01D-2184-08,c.786A>G,p.Gln262=,p.Q262=,ENST00000262134,7/14,119,108,11,198,,,
TCGA-LUAD,TCGA-86-7954,079ae0b3-b64b-4b8e-ab7d-225b8046568c,TCGA-86-7954-10A; TCGA-86-7954-01A,Blood Derived Normal; Primary Tumor,2ff606b8-6f4d-4b67-9cbb-f3c9ac6755bc,782eaec0-34e1-4561-a190-2355811282e9.wxs.aliquot_ensemble_masked.maf.gz,CES5A,221223,BI,GRCh38,chr16,55846479,55846479,+,Missense_Mutation,SNP,T,T,G,,TCGA-86-7954-01A-11D-2184-08,TCGA-86-7954-10A-01D-2184-08,c.1700A>C,p.Gln567Pro,p.Q567P,ENST00000290567,13/13,112,102,10,134,,,
TCGA-LUAD,TCGA-86-7954,079ae0b3-b64b-4b8e-ab7d-225b8046568c,TCGA-86-7954-10A; TCGA-86-7954-01A,Blood Derived Normal; Primary Tumor,2ff606b8-6f4d-4b67-9cbb-f3c9ac6755bc,782eaec0-34e1-4561-a190-2355811282e9.wxs.aliquot_ensemble_masked.maf.gz,CES5A,221223,BI,GRCh38,chr16,55846481,55846481,+,Silent,SNP,G,G,T,rs370527653,TCGA-86-7954-01A-11D-2184-08,TCGA-86-7954-10A-01D-2184-08,c.1698C>A,p.Leu566=,p.L566=,ENST00000290567,13/13,122,112,10,142,,,
TCGA-LUAD,TCGA-86-7954,079ae0b3-b64b-4b8e-ab7d-225b8046568c,TCGA-86-7954-10A; TCGA-86-7954-01A,Blood Derived Normal; Primary Tumor,2ff606b8-6f4d-4b67-9cbb-f3c9ac6755bc,782eaec0-34e1-4561-a190-2355811282e9.wxs.aliquot_ensemble_masked.maf.gz,ANKRD11,29123,BI,GRCh38,chr16,89288563,89288563,+,Missense_Mutation,SNP,G,G,C,rs1176951081,TCGA-86-7954-01A-11D-2184-08,TCGA-86-7954-10A-01D-2184-08,c.709C>G,p.Pro237Ala,p.P237A,ENST00000301030,7/13,57,47,10,64,,,
TCGA-LUAD,TCGA-86-7954,079ae0b3-b64b-4b8e-ab7d-225b8046568c,TCGA-86-7954-10A; TCGA-86-7954-01A,Blood Derived Normal; Primary Tumor,2ff606b8-6f4d-4b67-9cbb-f3c9ac6755bc,782eaec0-34e1-4561-a190-2355811282e9.wxs.aliquot_ensemble_masked.maf.gz,TP53,7157,BI,GRCh38,chr17,7674220,7674220,+,Missense_Mutation,SNP,C,C,A,rs11540652,TCGA-86-7954-01A-11D-2184-08,TCGA-86-7954-10A-01D-2184-08,c.743G>T,p.Arg248Leu,p.R248L,ENST00000269305,7/11,91,55,36,108,,,
TCGA-LUAD,TCGA-86-7954,079ae0b3-b64b-4b8e-ab7d-225b8046568c,TCGA-86-7954-10A; TCGA-86-7954-01A,Blood Derived Normal; Primary Tumor,2ff606b8-6f4d-4b67-9cbb-f3c9ac6755bc,782eaec0-34e1-4561-a190-2355811282e9.wxs.aliquot_ensemble_masked.maf.gz,ZNF18,7566,BI,GRCh38,chr17,11992614,11992614,+,Silent,SNP,T,T,C,rs1462893669,TCGA-86-7954-01A-11D-2184-08,TCGA-86-7954-10A-01D-2184-08,c.216A>G,p.Pro72=,p.P72=,ENST00000322748,4/9,61,52,9,85,,,
TCGA-LUAD,TCGA-86-7954,079ae0b3-b64b-4b8e-ab7d-225b8046568c,TCGA-86-7954-10A; TCGA-86-7954-01A,Blood Derived Normal; Primary Tumor,2ff606b8-6f4d-4b67-9cbb-f3c9ac6755bc,782eaec0-34e1-4561-a190-2355811282e9.wxs.aliquot_ensemble_masked.maf.gz,IFT20,90410,BI,GRCh38,chr17,28331983,28331983,+,Translation_Start_Site,SNP,C,C,T,,TCGA-86-7954-01A-11D-2184-08,TCGA-86-7954-10A-01D-2184-08,c.3G>A,p.Met1?,p.M1?,ENST00000395418,2/5,113,73,40,100,,,
TCGA-LUAD,TCGA-86-7954,079ae0b3-b64b-4b8e-ab7d-225b8046568c,TCGA-86-7954-10A; TCGA-86-7954-01A,Blood Derived Normal; Primary Tumor,2ff606b8-6f4d-4b67-9cbb-f3c9ac6755bc,782eaec0-34e1-4561-a190-2355811282e9.wxs.aliquot_ensemble_masked.maf.gz,ERAL1,26284,BI,GRCh38,chr17,28855121,28855121,+,Silent,SNP,G,G,A,rs770674816,TCGA-86-7954-01A-11D-2184-08,TCGA-86-7954-10A-01D-2184-08,c.87G>A,p.Arg29=,p.R29=,ENST00000254928,1/10,78,67,11,91,,,
TCGA-LUAD,TCGA-86-7954,079ae0b3-b64b-4b8e-ab7d-225b8046568c,TCGA-86-7954-10A; TCGA-86-7954-01A,Blood Derived Normal; Primary Tumor,2ff606b8-6f4d-4b67-9cbb-f3c9ac6755bc,782eaec0-34e1-4561-a190-2355811282e9.wxs.aliquot_ensemble_masked.maf.gz,KRT222,125113,BI,GRCh38,chr17,40662019,40662020,+,Frame_Shift_Ins,INS,-,-,T,rs748510701,TCGA-86-7954-01A-11D-2184-08,TCGA-86-7954-10A-01D-2184-08,c.121dup,p.Met41AsnfsTer5,p.M41Nfs*5,ENST00000394052,2/6,50,35,14,100,,,
TCGA-LUAD,TCGA-86-7954,079ae0b3-b64b-4b8e-ab7d-225b8046568c,TCGA-86-7954-10A; TCGA-86-7954-01A,Blood Derived Normal; Primary Tumor,2ff606b8-6f4d-4b67-9cbb-f3c9ac6755bc,782eaec0-34e1-4561-a190-2355811282e9.wxs.aliquot_ensemble_masked.maf.gz,KLHL10,317719,BI,GRCh38,chr17,41845568,41845568,+,Missense_Mutation,SNP,G,G,A,,TCGA-86-7954-01A-11D-2184-08,TCGA-86-7954-10A-01D-2184-08,c.1127G>A,p.Arg376His,p.R376H,ENST00000293303,3/5,81,68,13,118,,,
TCGA-LUAD,TCGA-86-7954,079ae0b3-b64b-4b8e-ab7d-225b8046568c,TCGA-86-7954-10A; TCGA-86-7954-01A,Blood Derived Normal; Primary Tumor,2ff606b8-6f4d-4b67-9cbb-f3c9ac6755bc,782eaec0-34e1-4561-a190-2355811282e9.wxs.aliquot_ensemble_masked.maf.gz,EPX,8288,BI,GRCh38,chr17,58195119,58195119,+,Silent,SNP,C,C,T,rs943769778,TCGA-86-7954-01A-11D-2184-08,TCGA-86-7954-10A-01D-2184-08,c.750C>T,p.Gly250=,p.G250=,ENST00000225371,6/13,158,146,12,170,,,
TCGA-LUAD,TCGA-86-7954,079ae0b3-b64b-4b8e-ab7d-225b8046568c,TCGA-86-7954-10A; TCGA-86-7954-01A,Blood Derived Normal; Primary Tumor,2ff606b8-6f4d-4b67-9cbb-f3c9ac6755bc,782eaec0-34e1-4561-a190-2355811282e9.wxs.aliquot_ensemble_masked.maf.gz,JMJD6,23210,BI,GRCh38,chr17,76724037,76724037,+,Silent,SNP,T,T,C,,TCGA-86-7954-01A-11D-2184-08,TCGA-86-7954-10A-01D-2184-08,c.540A>G,p.Pro180=,p.P180=,ENST00000397625,3/6,130,112,18,157,,,
TCGA-LUAD,TCGA-86-7954,079ae0b3-b64b-4b8e-ab7d-225b8046568c,TCGA-86-7954-10A; TCGA-86-7954-01A,Blood Derived Normal; Primary Tumor,2ff606b8-6f4d-4b67-9cbb-f3c9ac6755bc,782eaec0-34e1-4561-a190-2355811282e9.wxs.aliquot_ensemble_masked.maf.gz,CDH19,28513,BI,GRCh38,chr18,66505106,66505106,+,Silent,SNP,G,G,A,,TCGA-86-7954-01A-11D-2184-08,TCGA-86-7954-10A-01D-2184-08,c.2025C>T,p.Ser675=,p.S675=,ENST00000262150,12/12,68,59,9,159,,,
TCGA-LUAD,TCGA-86-7954,079ae0b3-b64b-4b8e-ab7d-225b8046568c,TCGA-86-7954-10A; TCGA-86-7954-01A,Blood Derived Normal; Primary Tumor,2ff606b8-6f4d-4b67-9cbb-f3c9ac6755bc,782eaec0-34e1-4561-a190-2355811282e9.wxs.aliquot_ensemble_masked.maf.gz,ZNF560,147741,BI,GRCh38,chr19,9471336,9471336,+,Missense_Mutation,SNP,T,T,A,,TCGA-86-7954-01A-11D-2184-08,TCGA-86-7954-10A-01D-2184-08,c.281A>T,p.Gln94Leu,p.Q94L,ENST00000301480,6/10,91,82,8,141,,,
TCGA-LUAD,TCGA-86-7954,079ae0b3-b64b-4b8e-ab7d-225b8046568c,TCGA-86-7954-10A; TCGA-86-7954-01A,Blood Derived Normal; Primary Tumor,2ff606b8-6f4d-4b67-9cbb-f3c9ac6755bc,782eaec0-34e1-4561-a190-2355811282e9.wxs.aliquot_ensemble_masked.maf.gz,UBL5,59286,BI,GRCh38,chr19,9828591,9828591,+,Splice_Site,SNP,G,G,A,,TCGA-86-7954-01A-11D-2184-08,TCGA-86-7954-10A-01D-2184-08,c.57-1G>A,,p.X19_splice,ENST00000358666,,153,115,38,197,,,
TCGA-LUAD,TCGA-86-7954,079ae0b3-b64b-4b8e-ab7d-225b8046568c,TCGA-86-7954-10A; TCGA-86-7954-01A,Blood Derived Normal; Primary Tumor,2ff606b8-6f4d-4b67-9cbb-f3c9ac6755bc,782eaec0-34e1-4561-a190-2355811282e9.wxs.aliquot_ensemble_masked.maf.gz,ZNF780A,284323,BI,GRCh38,chr19,40074648,40074648,+,Missense_Mutation,SNP,C,C,T,,TCGA-86-7954-01A-11D-2184-08,TCGA-86-7954-10A-01D-2184-08,c.1794G>A,p.Met598Ile,p.M598I,ENST00000340963,6/6,104,88,16,252,,,
TCGA-LUAD,TCGA-86-7954,079ae0b3-b64b-4b8e-ab7d-225b8046568c,TCGA-86-7954-10A; TCGA-86-7954-01A,Blood Derived Normal; Primary Tumor,2ff606b8-6f4d-4b67-9cbb-f3c9ac6755bc,782eaec0-34e1-4561-a190-2355811282e9.wxs.aliquot_ensemble_masked.maf.gz,IRGC,56269,BI,GRCh38,chr19,43719634,43719634,+,Missense_Mutation,SNP,G,G,T,,TCGA-86-7954-01A-11D-2184-08,TCGA-86-7954-10A-01D-2184-08,c.1076G>T,p.Arg359Leu,p.R359L,ENST00000244314,2/2,30,19,11,49,,,
TCGA-LUAD,TCGA-86-7954,079ae0b3-b64b-4b8e-ab7d-225b8046568c,TCGA-86-7954-10A; TCGA-86-7954-01A,Blood Derived Normal; Primary Tumor,2ff606b8-6f4d-4b67-9cbb-f3c9ac6755bc,782eaec0-34e1-4561-a190-2355811282e9.wxs.aliquot_ensemble_masked.maf.gz,KLK6,5653,BI,GRCh38,chr19,50963452,50963452,+,Missense_Mutation,SNP,C,C,T,,TCGA-86-7954-01A-11D-2184-08,TCGA-86-7954-10A-01D-2184-08,c.295G>A,p.Asp99Asn,p.D99N,ENST00000310157,5/7,75,64,10,96,,,
TCGA-LUAD,TCGA-86-7954,079ae0b3-b64b-4b8e-ab7d-225b8046568c,TCGA-86-7954-10A; TCGA-86-7954-01A,Blood Derived Normal; Primary Tumor,2ff606b8-6f4d-4b67-9cbb-f3c9ac6755bc,782eaec0-34e1-4561-a190-2355811282e9.wxs.aliquot_ensemble_masked.maf.gz,PEG3,5178,BI,GRCh38,chr19,56815554,56815554,+,Missense_Mutation,SNP,C,C,T,rs369854592,TCGA-86-7954-01A-11D-2184-08,TCGA-86-7954-10A-01D-2184-08,c.2888G>A,p.Arg963His,p.R963H,ENST00000326441,10/10,167,122,45,241,,,
TCGA-LUAD,TCGA-86-7954,079ae0b3-b64b-4b8e-ab7d-225b8046568c,TCGA-86-7954-10A; TCGA-86-7954-01A,Blood Derived Normal; Primary Tumor,2ff606b8-6f4d-4b67-9cbb-f3c9ac6755bc,782eaec0-34e1-4561-a190-2355811282e9.wxs.aliquot_ensemble_masked.maf.gz,ZSCAN22,342945,BI,GRCh38,chr19,58339029,58339029,+,Silent,SNP,G,G,A,rs530965276,TCGA-86-7954-01A-11D-2184-08,TCGA-86-7954-10A-01D-2184-08,c.1179G>A,p.Thr393=,p.T393=,ENST00000329665,3/3,84,72,12,112,,,
TCGA-LUAD,TCGA-86-7954,079ae0b3-b64b-4b8e-ab7d-225b8046568c,TCGA-86-7954-10A; TCGA-86-7954-01A,Blood Derived Normal; Primary Tumor,2ff606b8-6f4d-4b67-9cbb-f3c9ac6755bc,782eaec0-34e1-4561-a190-2355811282e9.wxs.aliquot_ensemble_masked.maf.gz,HAO1,54363,BI,GRCh38,chr20,7906252,7906252,+,Missense_Mutation,SNP,T,T,A,,TCGA-86-7954-01A-11D-2184-08,TCGA-86-7954-10A-01D-2184-08,c.623A>T,p.Tyr208Phe,p.Y208F,ENST00000378789,4/8,101,67,34,133,,,
TCGA-LUAD,TCGA-86-7954,079ae0b3-b64b-4b8e-ab7d-225b8046568c,TCGA-86-7954-10A; TCGA-86-7954-01A,Blood Derived Normal; Primary Tumor,2ff606b8-6f4d-4b67-9cbb-f3c9ac6755bc,782eaec0-34e1-4561-a190-2355811282e9.wxs.aliquot_ensemble_masked.maf.gz,KRTAP27-1,643812,BI,GRCh38,chr21,30337388,30337388,+,Missense_Mutation,SNP,G,G,T,,TCGA-86-7954-01A-11D-2184-08,TCGA-86-7954-10A-01D-2184-08,c.281C>A,p.Pro94His,p.P94H,ENST00000382835,1/1,137,119,17,181,,,
TCGA-LUAD,TCGA-86-7954,079ae0b3-b64b-4b8e-ab7d-225b8046568c,TCGA-86-7954-10A; TCGA-86-7954-01A,Blood Derived Normal; Primary Tumor,2ff606b8-6f4d-4b67-9cbb-f3c9ac6755bc,782eaec0-34e1-4561-a190-2355811282e9.wxs.aliquot_ensemble_masked.maf.gz,SEZ6L,23544,BI,GRCh38,chr22,26310691,26310691,+,Missense_Mutation,SNP,G,G,C,rs1479968430,TCGA-86-7954-01A-11D-2184-08,TCGA-86-7954-10A-01D-2184-08,c.1536G>C,p.Gln512His,p.Q512H,ENST00000248933,7/17,153,118,33,185,,,
TCGA-LUAD,TCGA-86-7954,079ae0b3-b64b-4b8e-ab7d-225b8046568c,TCGA-86-7954-10A; TCGA-86-7954-01A,Blood Derived Normal; Primary Tumor,2ff606b8-6f4d-4b67-9cbb-f3c9ac6755bc,782eaec0-34e1-4561-a190-2355811282e9.wxs.aliquot_ensemble_masked.maf.gz,SHROOM2,357,BI,GRCh38,chrX,9894746,9894746,+,Missense_Mutation,SNP,C,C,G,,TCGA-86-7954-01A-11D-2184-08,TCGA-86-7954-10A-01D-2184-08,c.838C>G,p.Pro280Ala,p.P280A,ENST00000380913,4/10,40,36,3,26,,,
TCGA-LUAD,TCGA-86-7954,079ae0b3-b64b-4b8e-ab7d-225b8046568c,TCGA-86-7954-10A; TCGA-86-7954-01A,Blood Derived Normal; Primary Tumor,2ff606b8-6f4d-4b67-9cbb-f3c9ac6755bc,782eaec0-34e1-4561-a190-2355811282e9.wxs.aliquot_ensemble_masked.maf.gz,PRPS2,5634,BI,GRCh38,chrX,12799323,12799323,+,Missense_Mutation,SNP,C,C,A,,TCGA-86-7954-01A-11D-2184-08,TCGA-86-7954-10A-01D-2184-08,c.239C>A,p.Ala80Glu,p.A80E,ENST00000380668,2/7,291,266,25,252,,,
TCGA-LUAD,TCGA-86-7954,079ae0b3-b64b-4b8e-ab7d-225b8046568c,TCGA-86-7954-10A; TCGA-86-7954-01A,Blood Derived Normal; Primary Tumor,2ff606b8-6f4d-4b67-9cbb-f3c9ac6755bc,782eaec0-34e1-4561-a190-2355811282e9.wxs.aliquot_ensemble_masked.maf.gz,BCLAF3,256643,BI,GRCh38,chrX,19965637,19965637,+,Nonsense_Mutation,SNP,A,A,C,,TCGA-86-7954-01A-11D-2184-08,TCGA-86-7954-10A-01D-2184-08,c.681T>G,p.Tyr227Ter,p.Y227*,ENST00000379682,3/11,172,156,16,210,,,
TCGA-LUAD,TCGA-86-7954,079ae0b3-b64b-4b8e-ab7d-225b8046568c,TCGA-86-7954-10A; TCGA-86-7954-01A,Blood Derived Normal; Primary Tumor,2ff606b8-6f4d-4b67-9cbb-f3c9ac6755bc,782eaec0-34e1-4561-a190-2355811282e9.wxs.aliquot_ensemble_masked.maf.gz,CNKSR2,22866,BI,GRCh38,chrX,21652338,21652338,+,Missense_Mutation,SNP,A,A,C,,TCGA-86-7954-01A-11D-2184-08,TCGA-86-7954-10A-01D-2184-08,c.2922A>C,p.Lys974Asn,p.K974N,ENST00000379510,22/22,98,92,6,134,,,
TCGA-LUAD,TCGA-86-7954,079ae0b3-b64b-4b8e-ab7d-225b8046568c,TCGA-86-7954-10A; TCGA-86-7954-01A,Blood Derived Normal; Primary Tumor,2ff606b8-6f4d-4b67-9cbb-f3c9ac6755bc,782eaec0-34e1-4561-a190-2355811282e9.wxs.aliquot_ensemble_masked.maf.gz,NR0B1,190,BI,GRCh38,chrX,30304821,30304821,+,Missense_Mutation,SNP,C,C,A,,TCGA-86-7954-01A-11D-2184-08,TCGA-86-7954-10A-01D-2184-08,c.1171G>T,p.Val391Leu,p.V391L,ENST00000378970,2/2,52,40,12,47,,,
TCGA-LUAD,TCGA-86-7954,079ae0b3-b64b-4b8e-ab7d-225b8046568c,TCGA-86-7954-10A; TCGA-86-7954-01A,Blood Derived Normal; Primary Tumor,2ff606b8-6f4d-4b67-9cbb-f3c9ac6755bc,782eaec0-34e1-4561-a190-2355811282e9.wxs.aliquot_ensemble_masked.maf.gz,DMD,1756,BI,GRCh38,chrX,31478358,31478358,+,Missense_Mutation,SNP,C,C,G,,TCGA-86-7954-01A-11D-2184-08,TCGA-86-7954-10A-01D-2184-08,c.8685G>C,p.Glu2895Asp,p.E2895D,ENST00000357033,59/79,133,109,24,142,,,
TCGA-LUAD,TCGA-86-7954,079ae0b3-b64b-4b8e-ab7d-225b8046568c,TCGA-86-7954-10A; TCGA-86-7954-01A,Blood Derived Normal; Primary Tumor,2ff606b8-6f4d-4b67-9cbb-f3c9ac6755bc,782eaec0-34e1-4561-a190-2355811282e9.wxs.aliquot_ensemble_masked.maf.gz,SLC9A7,84679,BI,GRCh38,chrX,46758835,46758835,+,Missense_Mutation,SNP,C,C,G,,TCGA-86-7954-01A-11D-2184-08,TCGA-86-7954-10A-01D-2184-08,c.195G>C,p.Glu65Asp,p.E65D,ENST00000328306,1/17,107,31,76,51,,,
TCGA-LUAD,TCGA-86-7954,079ae0b3-b64b-4b8e-ab7d-225b8046568c,TCGA-86-7954-10A; TCGA-86-7954-01A,Blood Derived Normal; Primary Tumor,2ff606b8-6f4d-4b67-9cbb-f3c9ac6755bc,782eaec0-34e1-4561-a190-2355811282e9.wxs.aliquot_ensemble_masked.maf.gz,TSPYL2,64061,BI,GRCh38,chrX,53084602,53084602,+,Missense_Mutation,SNP,C,C,T,rs782227977,TCGA-86-7954-01A-11D-2184-08,TCGA-86-7954-10A-01D-2184-08,c.865C>T,p.Arg289Cys,p.R289C,ENST00000375442,2/7,256,234,22,246,,,
TCGA-LUAD,TCGA-86-7954,079ae0b3-b64b-4b8e-ab7d-225b8046568c,TCGA-86-7954-10A; TCGA-86-7954-01A,Blood Derived Normal; Primary Tumor,2ff606b8-6f4d-4b67-9cbb-f3c9ac6755bc,782eaec0-34e1-4561-a190-2355811282e9.wxs.aliquot_ensemble_masked.maf.gz,IQSEC2,23096,BI,GRCh38,chrX,53254530,53254530,+,Missense_Mutation,SNP,C,C,A,,TCGA-86-7954-01A-11D-2184-08,TCGA-86-7954-10A-01D-2184-08,c.1401G>T,p.Gln467His,p.Q467H,ENST00000642864,4/15,88,78,10,105,,,
TCGA-LUAD,TCGA-86-7954,079ae0b3-b64b-4b8e-ab7d-225b8046568c,TCGA-86-7954-10A; TCGA-86-7954-01A,Blood Derived Normal; Primary Tumor,2ff606b8-6f4d-4b67-9cbb-f3c9ac6755bc,782eaec0-34e1-4561-a190-2355811282e9.wxs.aliquot_ensemble_masked.maf.gz,AWAT1,158833,BI,GRCh38,chrX,70239834,70239834,+,Missense_Mutation,SNP,C,C,A,,TCGA-86-7954-01A-11D-2184-08,TCGA-86-7954-10A-01D-2184-08,c.732C>A,p.Phe244Leu,p.F244L,ENST00000374521,6/7,114,96,18,124,,,
TCGA-LUAD,TCGA-86-7954,079ae0b3-b64b-4b8e-ab7d-225b8046568c,TCGA-86-7954-10A; TCGA-86-7954-01A,Blood Derived Normal; Primary Tumor,2ff606b8-6f4d-4b67-9cbb-f3c9ac6755bc,782eaec0-34e1-4561-a190-2355811282e9.wxs.aliquot_ensemble_masked.maf.gz,MED12,9968,BI,GRCh38,chrX,71128367,71128367,+,Missense_Mutation,SNP,G,G,A,,TCGA-86-7954-01A-11D-2184-08,TCGA-86-7954-10A-01D-2184-08,c.3281G>A,p.Gly1094Glu,p.G1094E,ENST00000374080,23/45,233,187,46,210,,,
TCGA-LUAD,TCGA-86-7954,079ae0b3-b64b-4b8e-ab7d-225b8046568c,TCGA-86-7954-10A; TCGA-86-7954-01A,Blood Derived Normal; Primary Tumor,2ff606b8-6f4d-4b67-9cbb-f3c9ac6755bc,782eaec0-34e1-4561-a190-2355811282e9.wxs.aliquot_ensemble_masked.maf.gz,PHKA1,5255,BI,GRCh38,chrX,72620770,72620770,+,Missense_Mutation,SNP,C,C,G,,TCGA-86-7954-01A-11D-2184-08,TCGA-86-7954-10A-01D-2184-08,c.2092G>C,p.Asp698His,p.D698H,ENST00000373542,19/32,127,114,13,105,,,
TCGA-LUAD,TCGA-86-7954,079ae0b3-b64b-4b8e-ab7d-225b8046568c,TCGA-86-7954-10A; TCGA-86-7954-01A,Blood Derived Normal; Primary Tumor,2ff606b8-6f4d-4b67-9cbb-f3c9ac6755bc,782eaec0-34e1-4561-a190-2355811282e9.wxs.aliquot_ensemble_masked.maf.gz,AL353804.6,0,BI,GRCh38,chrX,73826602,73826602,+,3'Flank,SNP,A,A,T,,TCGA-86-7954-01A-11D-2184-08,TCGA-86-7954-10A-01D-2184-08,,,,ENST00000615964,,147,122,25,157,,,
TCGA-LUAD,TCGA-86-7954,079ae0b3-b64b-4b8e-ab7d-225b8046568c,TCGA-86-7954-10A; TCGA-86-7954-01A,Blood Derived Normal; Primary Tumor,2ff606b8-6f4d-4b67-9cbb-f3c9ac6755bc,782eaec0-34e1-4561-a190-2355811282e9.wxs.aliquot_ensemble_masked.maf.gz,ATRX,546,BI,GRCh38,chrX,77634666,77634666,+,Silent,SNP,C,C,A,,TCGA-86-7954-01A-11D-2184-08,TCGA-86-7954-10A-01D-2184-08,c.4737G>T,p.Val1579=,p.V1579=,ENST00000373344,17/35,219,185,34,230,,,
TCGA-LUAD,TCGA-86-7954,079ae0b3-b64b-4b8e-ab7d-225b8046568c,TCGA-86-7954-10A; TCGA-86-7954-01A,Blood Derived Normal; Primary Tumor,2ff606b8-6f4d-4b67-9cbb-f3c9ac6755bc,782eaec0-34e1-4561-a190-2355811282e9.wxs.aliquot_ensemble_masked.maf.gz,ATP7A,538,BI,GRCh38,chrX,78012992,78012992,+,Silent,SNP,G,G,A,,TCGA-86-7954-01A-11D-2184-08,TCGA-86-7954-10A-01D-2184-08,c.2286G>A,p.Leu762=,p.L762=,ENST00000341514,10/23,371,345,26,338,,,
TCGA-LUAD,TCGA-86-7954,079ae0b3-b64b-4b8e-ab7d-225b8046568c,TCGA-86-7954-10A; TCGA-86-7954-01A,Blood Derived Normal; Primary Tumor,2ff606b8-6f4d-4b67-9cbb-f3c9ac6755bc,782eaec0-34e1-4561-a190-2355811282e9.wxs.aliquot_ensemble_masked.maf.gz,BRWD3,254065,BI,GRCh38,chrX,80676812,80676812,+,Missense_Mutation,SNP,T,T,G,,TCGA-86-7954-01A-11D-2184-08,TCGA-86-7954-10A-01D-2184-08,c.5206A>C,p.Met1736Leu,p.M1736L,ENST00000373275,41/41,82,74,8,114,,,
TCGA-LUAD,TCGA-86-7954,079ae0b3-b64b-4b8e-ab7d-225b8046568c,TCGA-86-7954-10A; TCGA-86-7954-01A,Blood Derived Normal; Primary Tumor,2ff606b8-6f4d-4b67-9cbb-f3c9ac6755bc,782eaec0-34e1-4561-a190-2355811282e9.wxs.aliquot_ensemble_masked.maf.gz,HMGN5,79366,BI,GRCh38,chrX,81119803,81119803,+,Silent,SNP,A,A,C,,TCGA-86-7954-01A-11D-2184-08,TCGA-86-7954-10A-01D-2184-08,c.30T>G,p.Gly10=,p.G10=,ENST00000358130,3/7,80,74,6,76,,,
TCGA-LUAD,TCGA-86-7954,079ae0b3-b64b-4b8e-ab7d-225b8046568c,TCGA-86-7954-10A; TCGA-86-7954-01A,Blood Derived Normal; Primary Tumor,2ff606b8-6f4d-4b67-9cbb-f3c9ac6755bc,782eaec0-34e1-4561-a190-2355811282e9.wxs.aliquot_ensemble_masked.maf.gz,POF1B,79983,BI,GRCh38,chrX,85345989,85345989,+,Silent,SNP,G,G,T,,TCGA-86-7954-01A-11D-2184-08,TCGA-86-7954-10A-01D-2184-08,c.594C>A,p.Val198=,p.V198=,ENST00000262753,6/17,109,103,6,126,,,
TCGA-LUAD,TCGA-86-7954,079ae0b3-b64b-4b8e-ab7d-225b8046568c,TCGA-86-7954-10A; TCGA-86-7954-01A,Blood Derived Normal; Primary Tumor,2ff606b8-6f4d-4b67-9cbb-f3c9ac6755bc,782eaec0-34e1-4561-a190-2355811282e9.wxs.aliquot_ensemble_masked.maf.gz,DACH2,117154,BI,GRCh38,chrX,86714640,86714640,+,Missense_Mutation,SNP,C,C,T,rs866223944,TCGA-86-7954-01A-11D-2184-08,TCGA-86-7954-10A-01D-2184-08,c.1024C>T,p.His342Tyr,p.H342Y,ENST00000373125,6/12,274,241,33,189,,,
TCGA-LUAD,TCGA-86-7954,079ae0b3-b64b-4b8e-ab7d-225b8046568c,TCGA-86-7954-10A; TCGA-86-7954-01A,Blood Derived Normal; Primary Tumor,2ff606b8-6f4d-4b67-9cbb-f3c9ac6755bc,782eaec0-34e1-4561-a190-2355811282e9.wxs.aliquot_ensemble_masked.maf.gz,PCDH11X,27328,BI,GRCh38,chrX,91878303,91878303,+,Missense_Mutation,SNP,C,C,A,,TCGA-86-7954-01A-11D-2184-08,TCGA-86-7954-10A-01D-2184-08,c.2063C>A,p.Ser688Tyr,p.S688Y,ENST00000373094,2/7,200,188,12,256,,,
TCGA-LUAD,TCGA-86-7954,079ae0b3-b64b-4b8e-ab7d-225b8046568c,TCGA-86-7954-10A; TCGA-86-7954-01A,Blood Derived Normal; Primary Tumor,2ff606b8-6f4d-4b67-9cbb-f3c9ac6755bc,782eaec0-34e1-4561-a190-2355811282e9.wxs.aliquot_ensemble_masked.maf.gz,PCDH19,57526,BI,GRCh38,chrX,100341918,100341918,+,Nonsense_Mutation,SNP,G,G,A,,TCGA-86-7954-01A-11D-2184-08,TCGA-86-7954-10A-01D-2184-08,c.2833C>T,p.Gln945Ter,p.Q945*,ENST00000373034,5/6,96,86,10,105,,,
TCGA-LUAD,TCGA-86-7954,079ae0b3-b64b-4b8e-ab7d-225b8046568c,TCGA-86-7954-10A; TCGA-86-7954-01A,Blood Derived Normal; Primary Tumor,2ff606b8-6f4d-4b67-9cbb-f3c9ac6755bc,782eaec0-34e1-4561-a190-2355811282e9.wxs.aliquot_ensemble_masked.maf.gz,TAF7L,54457,BI,GRCh38,chrX,101287541,101287541,+,Missense_Mutation,SNP,C,C,T,,TCGA-86-7954-01A-11D-2184-08,TCGA-86-7954-10A-01D-2184-08,c.261G>A,p.Met87Ile,p.M87I,ENST00000372907,2/13,74,62,12,60,,,
TCGA-LUAD,TCGA-86-7954,079ae0b3-b64b-4b8e-ab7d-225b8046568c,TCGA-86-7954-10A; TCGA-86-7954-01A,Blood Derived Normal; Primary Tumor,2ff606b8-6f4d-4b67-9cbb-f3c9ac6755bc,782eaec0-34e1-4561-a190-2355811282e9.wxs.aliquot_ensemble_masked.maf.gz,ARMCX2,9823,BI,GRCh38,chrX,101656991,101656991,+,Missense_Mutation,SNP,C,C,A,,TCGA-86-7954-01A-11D-2184-08,TCGA-86-7954-10A-01D-2184-08,c.598G>T,p.Ala200Ser,p.A200S,ENST00000328766,5/5,51,44,7,57,,,
TCGA-LUAD,TCGA-86-7954,079ae0b3-b64b-4b8e-ab7d-225b8046568c,TCGA-86-7954-10A; TCGA-86-7954-01A,Blood Derived Normal; Primary Tumor,2ff606b8-6f4d-4b67-9cbb-f3c9ac6755bc,782eaec0-34e1-4561-a190-2355811282e9.wxs.aliquot_ensemble_masked.maf.gz,BEX2,84707,BI,GRCh38,chrX,103309816,103309816,+,Missense_Mutation,SNP,C,C,A,,TCGA-86-7954-01A-11D-2184-08,TCGA-86-7954-10A-01D-2184-08,c.161G>T,p.Arg54Met,p.R54M,ENST00000372674,3/3,152,142,10,124,,,
TCGA-LUAD,TCGA-86-7954,079ae0b3-b64b-4b8e-ab7d-225b8046568c,TCGA-86-7954-10A; TCGA-86-7954-01A,Blood Derived Normal; Primary Tumor,2ff606b8-6f4d-4b67-9cbb-f3c9ac6755bc,782eaec0-34e1-4561-a190-2355811282e9.wxs.aliquot_ensemble_masked.maf.gz,COL4A6,1288,BI,GRCh38,chrX,108310801,108310801,+,Missense_Mutation,SNP,C,C,T,,TCGA-86-7954-01A-11D-2184-08,TCGA-86-7954-10A-01D-2184-08,c.94G>A,p.Gly32Arg,p.G32R,ENST00000372216,3/45,193,173,20,166,,,
TCGA-LUAD,TCGA-86-7954,079ae0b3-b64b-4b8e-ab7d-225b8046568c,TCGA-86-7954-10A; TCGA-86-7954-01A,Blood Derived Normal; Primary Tumor,2ff606b8-6f4d-4b67-9cbb-f3c9ac6755bc,782eaec0-34e1-4561-a190-2355811282e9.wxs.aliquot_ensemble_masked.maf.gz,CAPN6,827,BI,GRCh38,chrX,111251036,111251036,+,Missense_Mutation,SNP,T,T,C,,TCGA-86-7954-01A-11D-2184-08,TCGA-86-7954-10A-01D-2184-08,c.1039A>G,p.Ile347Val,p.I347V,ENST00000324068,8/13,700,642,58,710,,,
TCGA-LUAD,TCGA-86-7954,079ae0b3-b64b-4b8e-ab7d-225b8046568c,TCGA-86-7954-10A; TCGA-86-7954-01A,Blood Derived Normal; Primary Tumor,2ff606b8-6f4d-4b67-9cbb-f3c9ac6755bc,782eaec0-34e1-4561-a190-2355811282e9.wxs.aliquot_ensemble_masked.maf.gz,GRIA3,2892,BI,GRCh38,chrX,123398753,123398753,+,Missense_Mutation,SNP,C,C,A,,TCGA-86-7954-01A-11D-2184-08,TCGA-86-7954-10A-01D-2184-08,c.1030C>A,p.Pro344Thr,p.P344T,ENST00000541091,7/15,64,55,9,77,,,
TCGA-LUAD,TCGA-86-7954,079ae0b3-b64b-4b8e-ab7d-225b8046568c,TCGA-86-7954-10A; TCGA-86-7954-01A,Blood Derived Normal; Primary Tumor,2ff606b8-6f4d-4b67-9cbb-f3c9ac6755bc,782eaec0-34e1-4561-a190-2355811282e9.wxs.aliquot_ensemble_masked.maf.gz,THOC2,57187,BI,GRCh38,chrX,123613410,123613410,+,Missense_Mutation,SNP,C,C,A,rs769593183,TCGA-86-7954-01A-11D-2184-08,TCGA-86-7954-10A-01D-2184-08,c.4666G>T,p.Gly1556Cys,p.G1556C,ENST00000245838,36/39,67,59,8,133,,,
TCGA-LUAD,TCGA-86-7954,079ae0b3-b64b-4b8e-ab7d-225b8046568c,TCGA-86-7954-10A; TCGA-86-7954-01A,Blood Derived Normal; Primary Tumor,2ff606b8-6f4d-4b67-9cbb-f3c9ac6755bc,782eaec0-34e1-4561-a190-2355811282e9.wxs.aliquot_ensemble_masked.maf.gz,THOC2,57187,BI,GRCh38,chrX,123623898,123623898,+,Missense_Mutation,SNP,A,A,T,,TCGA-86-7954-01A-11D-2184-08,TCGA-86-7954-10A-01D-2184-08,c.3392T>A,p.Leu1131His,p.L1131H,ENST00000245838,28/39,124,114,10,132,,,
TCGA-LUAD,TCGA-86-7954,079ae0b3-b64b-4b8e-ab7d-225b8046568c,TCGA-86-7954-10A; TCGA-86-7954-01A,Blood Derived Normal; Primary Tumor,2ff606b8-6f4d-4b67-9cbb-f3c9ac6755bc,782eaec0-34e1-4561-a190-2355811282e9.wxs.aliquot_ensemble_masked.maf.gz,TENM1,10178,BI,GRCh38,chrX,124385942,124385942,+,Silent,SNP,C,C,A,,TCGA-86-7954-01A-11D-2184-08,TCGA-86-7954-10A-01D-2184-08,c.5790G>T,p.Val1930=,p.V1930=,ENST00000371130,28/31,137,111,26,134,,,
TCGA-LUAD,TCGA-86-7954,079ae0b3-b64b-4b8e-ab7d-225b8046568c,TCGA-86-7954-10A; TCGA-86-7954-01A,Blood Derived Normal; Primary Tumor,2ff606b8-6f4d-4b67-9cbb-f3c9ac6755bc,782eaec0-34e1-4561-a190-2355811282e9.wxs.aliquot_ensemble_masked.maf.gz,SLC25A14,9016,BI,GRCh38,chrX,130340281,130340281,+,Translation_Start_Site,SNP,G,G,T,,TCGA-86-7954-01A-11D-2184-08,TCGA-86-7954-10A-01D-2184-08,c.3G>T,p.Met1?,p.M1?,ENST00000218197,1/10,190,169,21,149,,,
TCGA-LUAD,TCGA-86-7954,079ae0b3-b64b-4b8e-ab7d-225b8046568c,TCGA-86-7954-10A; TCGA-86-7954-01A,Blood Derived Normal; Primary Tumor,2ff606b8-6f4d-4b67-9cbb-f3c9ac6755bc,782eaec0-34e1-4561-a190-2355811282e9.wxs.aliquot_ensemble_masked.maf.gz,ENOX2,10495,BI,GRCh38,chrX,130637368,130637368,+,Missense_Mutation,SNP,C,C,A,,TCGA-86-7954-01A-11D-2184-08,TCGA-86-7954-10A-01D-2184-08,c.1259G>T,p.Ser420Ile,p.S420I,ENST00000338144,12/16,130,120,9,122,,,
TCGA-LUAD,TCGA-86-7954,079ae0b3-b64b-4b8e-ab7d-225b8046568c,TCGA-86-7954-10A; TCGA-86-7954-01A,Blood Derived Normal; Primary Tumor,2ff606b8-6f4d-4b67-9cbb-f3c9ac6755bc,782eaec0-34e1-4561-a190-2355811282e9.wxs.aliquot_ensemble_masked.maf.gz,VAMP7,6845,BI,GRCh38,chrX,155895671,155895671,+,Silent,SNP,C,C,T,,TCGA-86-7954-01A-11D-2184-08,TCGA-86-7954-10A-01D-2184-08,c.195C>T,p.Ile65=,p.I65=,ENST00000286448,3/8,112,99,13,114,,,
