project_id,case_submitter_id,case_id,sample_submitter_ids,sample_types,aliquot_submitter_ids,file_id,file_name,gene,peptide_target,agid,lab_id,catalog_number,set_id,protein_expression
TCGA-LUAD,TCGA-05-4410,d28e465c-e553-4c53-8bb7-3d8199b9a8a5,TCGA-05-4410-01A,Primary Tumor,,19e4300d-4ff5-4e3f-9839-6b89cb8d5c9a,TCGA-05-4410-01A-22-2190-20_RPPA_data.tsv,BRAF,BRAF,AGID00355,92,1647/ab33899,Old,0.25045
TCGA-LUAD,TCGA-05-4410,d28e465c-e553-4c53-8bb7-3d8199b9a8a5,TCGA-05-4410-01A,Primary Tumor,,19e4300d-4ff5-4e3f-9839-6b89cb8d5c9a,TCGA-05-4410-01A-22-2190-20_RPPA_data.tsv,BRAF,BRAF_pS445,AGID00014,94,2696,Old,0.10687
TCGA-LUAD,TCGA-05-4410,d28e465c-e553-4c53-8bb7-3d8199b9a8a5,TCGA-05-4410-01A,Primary Tumor,,19e4300d-4ff5-4e3f-9839-6b89cb8d5c9a,TCGA-05-4410-01A-22-2190-20_RPPA_data.tsv,CDKN2A,P16INK4A,AGID00420,466,1712-1/ab40803,Old,0.19126
TCGA-LUAD,TCGA-05-4410,d28e465c-e553-4c53-8bb7-3d8199b9a8a5,TCGA-05-4410-01A,Primary Tumor,,19e4300d-4ff5-4e3f-9839-6b89cb8d5c9a,TCGA-05-4410-01A-22-2190-20_RPPA_data.tsv,EGFR,EGFR,AGID00152,1120,2232,Old,0.72077
TCGA-LUAD,TCGA-05-4410,d28e465c-e553-4c53-8bb7-3d8199b9a8a5,TCGA-05-4410-01A,Primary Tumor,,19e4300d-4ff5-4e3f-9839-6b89cb8d5c9a,TCGA-05-4410-01A-22-2190-20_RPPA_data.tsv,EGFR,EGFR_pY1068,AGID00450,217,2234,Old,4.8247
TCGA-LUAD,TCGA-05-4410,d28e465c-e553-4c53-8bb7-3d8199b9a8a5,TCGA-05-4410-01A,Primary Tumor,,19e4300d-4ff5-4e3f-9839-6b89cb8d5c9a,TCGA-05-4410-01A-22-2190-20_RPPA_data.tsv,EGFR,EGFR_pY1173,AGID00026,221,1124-1/ab32578,Old,1.1379
TCGA-LUAD,TCGA-05-4410,d28e465c-e553-4c53-8bb7-3d8199b9a8a5,TCGA-05-4410-01A,Primary Tumor,,19e4300d-4ff5-4e3f-9839-6b89cb8d5c9a,TCGA-05-4410-01A-22-2190-20_RPPA_data.tsv,ERBB2,HER2,AGID00131,1038,MS-325-P1,Old,1.3163
TCGA-LUAD,TCGA-05-4410,d28e465c-e553-4c53-8bb7-3d8199b9a8a5,TCGA-05-4410-01A,Primary Tumor,,19e4300d-4ff5-4e3f-9839-6b89cb8d5c9a,TCGA-05-4410-01A-22-2190-20_RPPA_data.tsv,ERBB2,HER2_pY1248,AGID00142,299,06-229,Old,2.6611
TCGA-LUAD,TCGA-05-4410,d28e465c-e553-4c53-8bb7-3d8199b9a8a5,TCGA-05-4410-01A,Primary Tumor,,19e4300d-4ff5-4e3f-9839-6b89cb8d5c9a,TCGA-05-4410-01A-22-2190-20_RPPA_data.tsv,MET,CMET,AGID00466,726,3127,Old,0.017331
TCGA-LUAD,TCGA-05-4410,d28e465c-e553-4c53-8bb7-3d8199b9a8a5,TCGA-05-4410-01A,Primary Tumor,,19e4300d-4ff5-4e3f-9839-6b89cb8d5c9a,TCGA-05-4410-01A-22-2190-20_RPPA_data.tsv,MET,CMET_pY1235,AGID00079,727,3129,Old,0.16545
TCGA-LUAD,TCGA-05-4410,d28e465c-e553-4c53-8bb7-3d8199b9a8a5,TCGA-05-4410-01A,Primary Tumor,,19e4300d-4ff5-4e3f-9839-6b89cb8d5c9a,TCGA-05-4410-01A-22-2190-20_RPPA_data.tsv,NFE2L2,NRF2,AGID00257,1419,12721,Old,-0.18178
TCGA-LUAD,TCGA-05-4410,d28e465c-e553-4c53-8bb7-3d8199b9a8a5,TCGA-05-4410-01A,Primary Tumor,,19e4300d-4ff5-4e3f-9839-6b89cb8d5c9a,TCGA-05-4410-01A-22-2190-20_RPPA_data.tsv,NOTCH1,NOTCH1,AGID02155,2461,3608,Old,0.15031
TCGA-LUAD,TCGA-05-4410,d28e465c-e553-4c53-8bb7-3d8199b9a8a5,TCGA-05-4410-01A,Primary Tumor,,19e4300d-4ff5-4e3f-9839-6b89cb8d5c9a,TCGA-05-4410-01A-22-2190-20_RPPA_data.tsv,NOTCH1,Notch1-cleaved,AGID00340,1969,4147,Set165,0.162763894936708
TCGA-LUAD,TCGA-05-4410,d28e465c-e553-4c53-8bb7-3d8199b9a8a5,TCGA-05-4410-01A,Primary Tumor,,19e4300d-4ff5-4e3f-9839-6b89cb8d5c9a,TCGA-05-4410-01A-22-2190-20_RPPA_data.tsv,PIK3CA,PI3KP110ALPHA,AGID00093,808,4255,Old,-0.43319
TCGA-LUAD,TCGA-05-4410,d28e465c-e553-4c53-8bb7-3d8199b9a8a5,TCGA-05-4410-01A,Primary Tumor,,19e4300d-4ff5-4e3f-9839-6b89cb8d5c9a,TCGA-05-4410-01A-22-2190-20_RPPA_data.tsv,PTEN,PTEN,AGID00061,566,9552,Old,-0.2184
TCGA-LUAD,TCGA-05-4410,d28e465c-e553-4c53-8bb7-3d8199b9a8a5,TCGA-05-4410-01A,Primary Tumor,,19e4300d-4ff5-4e3f-9839-6b89cb8d5c9a,TCGA-05-4410-01A-22-2190-20_RPPA_data.tsv,RET,RET_pY905,AGID00547,735,3221,Old,0.5091
TCGA-LUAD,TCGA-05-4410,d28e465c-e553-4c53-8bb7-3d8199b9a8a5,TCGA-05-4410-01A,Primary Tumor,,19e4300d-4ff5-4e3f-9839-6b89cb8d5c9a,TCGA-05-4410-01A-22-2190-20_RPPA_data.tsv,SOX2,Sox2,AGID00298,1670,2748,Set165,0.202711560784794
TCGA-LUAD,TCGA-05-4410,d28e465c-e553-4c53-8bb7-3d8199b9a8a5,TCGA-05-4410-01A,Primary Tumor,,19e4300d-4ff5-4e3f-9839-6b89cb8d5c9a,TCGA-05-4410-01A-22-2190-20_RPPA_data.tsv,STK11,LKB1,AGID00529,1477,3050,Old,-0.011924
TCGA-LUAD,TCGA-05-4410,d28e465c-e553-4c53-8bb7-3d8199b9a8a5,TCGA-05-4410-01A,Primary Tumor,,19e4300d-4ff5-4e3f-9839-6b89cb8d5c9a,TCGA-05-4410-01A-22-2190-20_RPPA_data.tsv,TP53,P53,AGID00050,481,9282,Old,0.32048
TCGA-LUAD,TCGA-05-4410,d28e465c-e553-4c53-8bb7-3d8199b9a8a5,TCGA-05-4410-01A,Primary Tumor,,19e4300d-4ff5-4e3f-9839-6b89cb8d5c9a,TCGA-05-4410-01A-22-2190-20_RPPA_data.tsv,TP63,P63,AGID00545,1415,ab53039,Old,1.0906
TCGA-LUAD,TCGA-44-2661,f3501466-cf32-4866-b5fb-e94dd32341bc,TCGA-44-2661-01A,Primary Tumor,,cd79c3b5-e899-48fc-8e00-4e3e11c46a8f,TCGA-44-2661-01A-21-2190-20_RPPA_data.tsv,BRAF,BRAF,AGID00355,92,1647/ab33899,Old,0.057907
TCGA-LUAD,TCGA-44-2661,f3501466-cf32-4866-b5fb-e94dd32341bc,TCGA-44-2661-01A,Primary Tumor,,cd79c3b5-e899-48fc-8e00-4e3e11c46a8f,TCGA-44-2661-01A-21-2190-20_RPPA_data.tsv,BRAF,BRAF_pS445,AGID00014,94,2696,Old,0.045013
TCGA-LUAD,TCGA-44-2661,f3501466-cf32-4866-b5fb-e94dd32341bc,TCGA-44-2661-01A,Primary Tumor,,cd79c3b5-e899-48fc-8e00-4e3e11c46a8f,TCGA-44-2661-01A-21-2190-20_RPPA_data.tsv,CDKN2A,P16INK4A,AGID00420,466,1712-1/ab40803,Old,-0.8147
TCGA-LUAD,TCGA-44-2661,f3501466-cf32-4866-b5fb-e94dd32341bc,TCGA-44-2661-01A,Primary Tumor,,cd79c3b5-e899-48fc-8e00-4e3e11c46a8f,TCGA-44-2661-01A-21-2190-20_RPPA_data.tsv,EGFR,EGFR,AGID00152,1120,2232,Old,0.046919
TCGA-LUAD,TCGA-44-2661,f3501466-cf32-4866-b5fb-e94dd32341bc,TCGA-44-2661-01A,Primary Tumor,,cd79c3b5-e899-48fc-8e00-4e3e11c46a8f,TCGA-44-2661-01A-21-2190-20_RPPA_data.tsv,EGFR,EGFR_pY1068,AGID00450,217,2234,Old,1.7052
TCGA-LUAD,TCGA-44-2661,f3501466-cf32-4866-b5fb-e94dd32341bc,TCGA-44-2661-01A,Primary Tumor,,cd79c3b5-e899-48fc-8e00-4e3e11c46a8f,TCGA-44-2661-01A-21-2190-20_RPPA_data.tsv,EGFR,EGFR_pY1173,AGID00026,221,1124-1/ab32578,Old,0.44454
TCGA-LUAD,TCGA-44-2661,f3501466-cf32-4866-b5fb-e94dd32341bc,TCGA-44-2661-01A,Primary Tumor,,cd79c3b5-e899-48fc-8e00-4e3e11c46a8f,TCGA-44-2661-01A-21-2190-20_RPPA_data.tsv,ERBB2,HER2,AGID00131,1038,MS-325-P1,Old,0.33766
TCGA-LUAD,TCGA-44-2661,f3501466-cf32-4866-b5fb-e94dd32341bc,TCGA-44-2661-01A,Primary Tumor,,cd79c3b5-e899-48fc-8e00-4e3e11c46a8f,TCGA-44-2661-01A-21-2190-20_RPPA_data.tsv,ERBB2,HER2_pY1248,AGID00142,299,06-229,Old,1.0477
TCGA-LUAD,TCGA-44-2661,f3501466-cf32-4866-b5fb-e94dd32341bc,TCGA-44-2661-01A,Primary Tumor,,cd79c3b5-e899-48fc-8e00-4e3e11c46a8f,TCGA-44-2661-01A-21-2190-20_RPPA_data.tsv,MET,CMET,AGID00466,726,3127,Old,-0.17565
TCGA-LUAD,TCGA-44-2661,f3501466-cf32-4866-b5fb-e94dd32341bc,TCGA-44-2661-01A,Primary Tumor,,cd79c3b5-e899-48fc-8e00-4e3e11c46a8f,TCGA-44-2661-01A-21-2190-20_RPPA_data.tsv,MET,CMET_pY1235,AGID00079,727,3129,Old,-0.2107
TCGA-LUAD,TCGA-44-2661,f3501466-cf32-4866-b5fb-e94dd32341bc,TCGA-44-2661-01A,Primary Tumor,,cd79c3b5-e899-48fc-8e00-4e3e11c46a8f,TCGA-44-2661-01A-21-2190-20_RPPA_data.tsv,NFE2L2,NRF2,AGID00257,1419,12721,Old,-0.34568
TCGA-LUAD,TCGA-44-2661,f3501466-cf32-4866-b5fb-e94dd32341bc,TCGA-44-2661-01A,Primary Tumor,,cd79c3b5-e899-48fc-8e00-4e3e11c46a8f,TCGA-44-2661-01A-21-2190-20_RPPA_data.tsv,NOTCH1,NOTCH1,AGID02155,2461,3608,Old,-0.18941
TCGA-LUAD,TCGA-44-2661,f3501466-cf32-4866-b5fb-e94dd32341bc,TCGA-44-2661-01A,Primary Tumor,,cd79c3b5-e899-48fc-8e00-4e3e11c46a8f,TCGA-44-2661-01A-21-2190-20_RPPA_data.tsv,NOTCH1,Notch1-cleaved,AGID00340,1969,4147,Set165,0.131596615898383
TCGA-LUAD,TCGA-44-2661,f3501466-cf32-4866-b5fb-e94dd32341bc,TCGA-44-2661-01A,Primary Tumor,,cd79c3b5-e899-48fc-8e00-4e3e11c46a8f,TCGA-44-2661-01A-21-2190-20_RPPA_data.tsv,PIK3CA,PI3KP110ALPHA,AGID00093,808,4255,Old,-0.46508
TCGA-LUAD,TCGA-44-2661,f3501466-cf32-4866-b5fb-e94dd32341bc,TCGA-44-2661-01A,Primary Tumor,,cd79c3b5-e899-48fc-8e00-4e3e11c46a8f,TCGA-44-2661-01A-21-2190-20_RPPA_data.tsv,PTEN,PTEN,AGID00061,566,9552,Old,0.097935
TCGA-LUAD,TCGA-44-2661,f3501466-cf32-4866-b5fb-e94dd32341bc,TCGA-44-2661-01A,Primary Tumor,,cd79c3b5-e899-48fc-8e00-4e3e11c46a8f,TCGA-44-2661-01A-21-2190-20_RPPA_data.tsv,RET,RET_pY905,AGID00547,735,3221,Old,0.055031
TCGA-LUAD,TCGA-44-2661,f3501466-cf32-4866-b5fb-e94dd32341bc,TCGA-44-2661-01A,Primary Tumor,,cd79c3b5-e899-48fc-8e00-4e3e11c46a8f,TCGA-44-2661-01A-21-2190-20_RPPA_data.tsv,SOX2,Sox2,AGID00298,1670,2748,Set165,-0.017545101636451
TCGA-LUAD,TCGA-44-2661,f3501466-cf32-4866-b5fb-e94dd32341bc,TCGA-44-2661-01A,Primary Tumor,,cd79c3b5-e899-48fc-8e00-4e3e11c46a8f,TCGA-44-2661-01A-21-2190-20_RPPA_data.tsv,STK11,LKB1,AGID00529,1477,3050,Old,-0.049244
TCGA-LUAD,TCGA-44-2661,f3501466-cf32-4866-b5fb-e94dd32341bc,TCGA-44-2661-01A,Primary Tumor,,cd79c3b5-e899-48fc-8e00-4e3e11c46a8f,TCGA-44-2661-01A-21-2190-20_RPPA_data.tsv,TP53,P53,AGID00050,481,9282,Old,-0.35839
TCGA-LUAD,TCGA-44-2661,f3501466-cf32-4866-b5fb-e94dd32341bc,TCGA-44-2661-01A,Primary Tumor,,cd79c3b5-e899-48fc-8e00-4e3e11c46a8f,TCGA-44-2661-01A-21-2190-20_RPPA_data.tsv,TP63,P63,AGID00545,1415,ab53039,Old,0.86896
TCGA-LUAD,TCGA-44-3917,7099597a-b208-45b5-b9e0-11ab40d5e497,TCGA-44-3917-01A,Primary Tumor,,4cec6f05-5fc8-440b-83a5-7fbcfe15a4f3,TCGA-44-3917-01A-21-2190-20_RPPA_data.tsv,BRAF,BRAF,AGID00355,92,1647/ab33899,Old,0.62377
TCGA-LUAD,TCGA-44-3917,7099597a-b208-45b5-b9e0-11ab40d5e497,TCGA-44-3917-01A,Primary Tumor,,4cec6f05-5fc8-440b-83a5-7fbcfe15a4f3,TCGA-44-3917-01A-21-2190-20_RPPA_data.tsv,BRAF,BRAF_pS445,AGID00014,94,2696,Old,0.28058
TCGA-LUAD,TCGA-44-3917,7099597a-b208-45b5-b9e0-11ab40d5e497,TCGA-44-3917-01A,Primary Tumor,,4cec6f05-5fc8-440b-83a5-7fbcfe15a4f3,TCGA-44-3917-01A-21-2190-20_RPPA_data.tsv,CDKN2A,P16INK4A,AGID00420,466,1712-1/ab40803,Old,-0.93333
TCGA-LUAD,TCGA-44-3917,7099597a-b208-45b5-b9e0-11ab40d5e497,TCGA-44-3917-01A,Primary Tumor,,4cec6f05-5fc8-440b-83a5-7fbcfe15a4f3,TCGA-44-3917-01A-21-2190-20_RPPA_data.tsv,EGFR,EGFR,AGID00152,1120,2232,Old,0.44784
TCGA-LUAD,TCGA-44-3917,7099597a-b208-45b5-b9e0-11ab40d5e497,TCGA-44-3917-01A,Primary Tumor,,4cec6f05-5fc8-440b-83a5-7fbcfe15a4f3,TCGA-44-3917-01A-21-2190-20_RPPA_data.tsv,EGFR,EGFR_pY1068,AGID00450,217,2234,Old,0.84829
TCGA-LUAD,TCGA-44-3917,7099597a-b208-45b5-b9e0-11ab40d5e497,TCGA-44-3917-01A,Primary Tumor,,4cec6f05-5fc8-440b-83a5-7fbcfe15a4f3,TCGA-44-3917-01A-21-2190-20_RPPA_data.tsv,EGFR,EGFR_pY1173,AGID00026,221,1124-1/ab32578,Old,0.4356
TCGA-LUAD,TCGA-44-3917,7099597a-b208-45b5-b9e0-11ab40d5e497,TCGA-44-3917-01A,Primary Tumor,,4cec6f05-5fc8-440b-83a5-7fbcfe15a4f3,TCGA-44-3917-01A-21-2190-20_RPPA_data.tsv,ERBB2,HER2,AGID00131,1038,MS-325-P1,Old,0.42025
TCGA-LUAD,TCGA-44-3917,7099597a-b208-45b5-b9e0-11ab40d5e497,TCGA-44-3917-01A,Primary Tumor,,4cec6f05-5fc8-440b-83a5-7fbcfe15a4f3,TCGA-44-3917-01A-21-2190-20_RPPA_data.tsv,ERBB2,HER2_pY1248,AGID00142,299,06-229,Old,0.38397
TCGA-LUAD,TCGA-44-3917,7099597a-b208-45b5-b9e0-11ab40d5e497,TCGA-44-3917-01A,Primary Tumor,,4cec6f05-5fc8-440b-83a5-7fbcfe15a4f3,TCGA-44-3917-01A-21-2190-20_RPPA_data.tsv,MET,CMET,AGID00466,726,3127,Old,-0.17021
TCGA-LUAD,TCGA-44-3917,7099597a-b208-45b5-b9e0-11ab40d5e497,TCGA-44-3917-01A,Primary Tumor,,4cec6f05-5fc8-440b-83a5-7fbcfe15a4f3,TCGA-44-3917-01A-21-2190-20_RPPA_data.tsv,MET,CMET_pY1235,AGID00079,727,3129,Old,0.066476
TCGA-LUAD,TCGA-44-3917,7099597a-b208-45b5-b9e0-11ab40d5e497,TCGA-44-3917-01A,Primary Tumor,,4cec6f05-5fc8-440b-83a5-7fbcfe15a4f3,TCGA-44-3917-01A-21-2190-20_RPPA_data.tsv,NFE2L2,NRF2,AGID00257,1419,12721,Old,-0.073449
TCGA-LUAD,TCGA-44-3917,7099597a-b208-45b5-b9e0-11ab40d5e497,TCGA-44-3917-01A,Primary Tumor,,4cec6f05-5fc8-440b-83a5-7fbcfe15a4f3,TCGA-44-3917-01A-21-2190-20_RPPA_data.tsv,NOTCH1,NOTCH1,AGID02155,2461,3608,Old,-0.10021
TCGA-LUAD,TCGA-44-3917,7099597a-b208-45b5-b9e0-11ab40d5e497,TCGA-44-3917-01A,Primary Tumor,,4cec6f05-5fc8-440b-83a5-7fbcfe15a4f3,TCGA-44-3917-01A-21-2190-20_RPPA_data.tsv,NOTCH1,Notch1-cleaved,AGID00340,1969,4147,Set165,-0.0861595570246046
TCGA-LUAD,TCGA-44-3917,7099597a-b208-45b5-b9e0-11ab40d5e497,TCGA-44-3917-01A,Primary Tumor,,4cec6f05-5fc8-440b-83a5-7fbcfe15a4f3,TCGA-44-3917-01A-21-2190-20_RPPA_data.tsv,PIK3CA,PI3KP110ALPHA,AGID00093,808,4255,Old,-0.54086
TCGA-LUAD,TCGA-44-3917,7099597a-b208-45b5-b9e0-11ab40d5e497,TCGA-44-3917-01A,Primary Tumor,,4cec6f05-5fc8-440b-83a5-7fbcfe15a4f3,TCGA-44-3917-01A-21-2190-20_RPPA_data.tsv,PTEN,PTEN,AGID00061,566,9552,Old,0.18457
TCGA-LUAD,TCGA-44-3917,7099597a-b208-45b5-b9e0-11ab40d5e497,TCGA-44-3917-01A,Primary Tumor,,4cec6f05-5fc8-440b-83a5-7fbcfe15a4f3,TCGA-44-3917-01A-21-2190-20_RPPA_data.tsv,RET,RET_pY905,AGID00547,735,3221,Old,-0.31337
TCGA-LUAD,TCGA-44-3917,7099597a-b208-45b5-b9e0-11ab40d5e497,TCGA-44-3917-01A,Primary Tumor,,4cec6f05-5fc8-440b-83a5-7fbcfe15a4f3,TCGA-44-3917-01A-21-2190-20_RPPA_data.tsv,SOX2,Sox2,AGID00298,1670,2748,Set165,1.83861212359803
TCGA-LUAD,TCGA-44-3917,7099597a-b208-45b5-b9e0-11ab40d5e497,TCGA-44-3917-01A,Primary Tumor,,4cec6f05-5fc8-440b-83a5-7fbcfe15a4f3,TCGA-44-3917-01A-21-2190-20_RPPA_data.tsv,STK11,LKB1,AGID00529,1477,3050,Old,-0.16169
TCGA-LUAD,TCGA-44-3917,7099597a-b208-45b5-b9e0-11ab40d5e497,TCGA-44-3917-01A,Primary Tumor,,4cec6f05-5fc8-440b-83a5-7fbcfe15a4f3,TCGA-44-3917-01A-21-2190-20_RPPA_data.tsv,TP53,P53,AGID00050,481,9282,Old,0.030751
TCGA-LUAD,TCGA-44-3917,7099597a-b208-45b5-b9e0-11ab40d5e497,TCGA-44-3917-01A,Primary Tumor,,4cec6f05-5fc8-440b-83a5-7fbcfe15a4f3,TCGA-44-3917-01A-21-2190-20_RPPA_data.tsv,TP63,P63,AGID00545,1415,ab53039,Old,-1.0767
TCGA-LUAD,TCGA-55-7815,dd46c83e-6551-485b-b935-f3beed891244,TCGA-55-7815-01A,Primary Tumor,,c4b04f49-9f12-4330-81ef-a9334bcb94ad,TCGA-55-7815-01A-13-2192-20_RPPA_data.tsv,BRAF,BRAF,AGID00355,92,1647/ab33899,Old,-0.3454
TCGA-LUAD,TCGA-55-7815,dd46c83e-6551-485b-b935-f3beed891244,TCGA-55-7815-01A,Primary Tumor,,c4b04f49-9f12-4330-81ef-a9334bcb94ad,TCGA-55-7815-01A-13-2192-20_RPPA_data.tsv,BRAF,BRAF_pS445,AGID00014,94,2696,Old,0.32805
TCGA-LUAD,TCGA-55-7815,dd46c83e-6551-485b-b935-f3beed891244,TCGA-55-7815-01A,Primary Tumor,,c4b04f49-9f12-4330-81ef-a9334bcb94ad,TCGA-55-7815-01A-13-2192-20_RPPA_data.tsv,CDKN2A,P16INK4A,AGID00420,466,1712-1/ab40803,Old,-0.73491
TCGA-LUAD,TCGA-55-7815,dd46c83e-6551-485b-b935-f3beed891244,TCGA-55-7815-01A,Primary Tumor,,c4b04f49-9f12-4330-81ef-a9334bcb94ad,TCGA-55-7815-01A-13-2192-20_RPPA_data.tsv,EGFR,EGFR,AGID00152,1120,2232,Old,-0.14006
TCGA-LUAD,TCGA-55-7815,dd46c83e-6551-485b-b935-f3beed891244,TCGA-55-7815-01A,Primary Tumor,,c4b04f49-9f12-4330-81ef-a9334bcb94ad,TCGA-55-7815-01A-13-2192-20_RPPA_data.tsv,EGFR,EGFR_pY1068,AGID00450,217,2234,Old,0.0038233
TCGA-LUAD,TCGA-55-7815,dd46c83e-6551-485b-b935-f3beed891244,TCGA-55-7815-01A,Primary Tumor,,c4b04f49-9f12-4330-81ef-a9334bcb94ad,TCGA-55-7815-01A-13-2192-20_RPPA_data.tsv,EGFR,EGFR_pY1173,AGID00026,221,1124-1/ab32578,Old,0.90449
TCGA-LUAD,TCGA-55-7815,dd46c83e-6551-485b-b935-f3beed891244,TCGA-55-7815-01A,Primary Tumor,,c4b04f49-9f12-4330-81ef-a9334bcb94ad,TCGA-55-7815-01A-13-2192-20_RPPA_data.tsv,ERBB2,HER2,AGID00131,1038,MS-325-P1,Old,0.66866
TCGA-LUAD,TCGA-55-7815,dd46c83e-6551-485b-b935-f3beed891244,TCGA-55-7815-01A,Primary Tumor,,c4b04f49-9f12-4330-81ef-a9334bcb94ad,TCGA-55-7815-01A-13-2192-20_RPPA_data.tsv,ERBB2,HER2_pY1248,AGID00142,299,06-229,Old,0.63027
TCGA-LUAD,TCGA-55-7815,dd46c83e-6551-485b-b935-f3beed891244,TCGA-55-7815-01A,Primary Tumor,,c4b04f49-9f12-4330-81ef-a9334bcb94ad,TCGA-55-7815-01A-13-2192-20_RPPA_data.tsv,MET,CMET,AGID00466,726,3127,Old,-0.15841
TCGA-LUAD,TCGA-55-7815,dd46c83e-6551-485b-b935-f3beed891244,TCGA-55-7815-01A,Primary Tumor,,c4b04f49-9f12-4330-81ef-a9334bcb94ad,TCGA-55-7815-01A-13-2192-20_RPPA_data.tsv,MET,CMET_pY1235,AGID00079,727,3129,Old,0.12396
TCGA-LUAD,TCGA-55-7815,dd46c83e-6551-485b-b935-f3beed891244,TCGA-55-7815-01A,Primary Tumor,,c4b04f49-9f12-4330-81ef-a9334bcb94ad,TCGA-55-7815-01A-13-2192-20_RPPA_data.tsv,NFE2L2,NRF2,AGID00257,1419,12721,Old,0.23167
TCGA-LUAD,TCGA-55-7815,dd46c83e-6551-485b-b935-f3beed891244,TCGA-55-7815-01A,Primary Tumor,,c4b04f49-9f12-4330-81ef-a9334bcb94ad,TCGA-55-7815-01A-13-2192-20_RPPA_data.tsv,NOTCH1,NOTCH1,AGID02155,2461,3608,Old,-0.16965
TCGA-LUAD,TCGA-55-7815,dd46c83e-6551-485b-b935-f3beed891244,TCGA-55-7815-01A,Primary Tumor,,c4b04f49-9f12-4330-81ef-a9334bcb94ad,TCGA-55-7815-01A-13-2192-20_RPPA_data.tsv,NOTCH1,Notch1-cleaved,AGID00340,1969,4147,Set165,0.212615835814032
TCGA-LUAD,TCGA-55-7815,dd46c83e-6551-485b-b935-f3beed891244,TCGA-55-7815-01A,Primary Tumor,,c4b04f49-9f12-4330-81ef-a9334bcb94ad,TCGA-55-7815-01A-13-2192-20_RPPA_data.tsv,PIK3CA,PI3KP110ALPHA,AGID00093,808,4255,Old,-0.53992
TCGA-LUAD,TCGA-55-7815,dd46c83e-6551-485b-b935-f3beed891244,TCGA-55-7815-01A,Primary Tumor,,c4b04f49-9f12-4330-81ef-a9334bcb94ad,TCGA-55-7815-01A-13-2192-20_RPPA_data.tsv,PTEN,PTEN,AGID00061,566,9552,Old,0.50098
TCGA-LUAD,TCGA-55-7815,dd46c83e-6551-485b-b935-f3beed891244,TCGA-55-7815-01A,Primary Tumor,,c4b04f49-9f12-4330-81ef-a9334bcb94ad,TCGA-55-7815-01A-13-2192-20_RPPA_data.tsv,RET,RET_pY905,AGID00547,735,3221,Old,-0.27603
TCGA-LUAD,TCGA-55-7815,dd46c83e-6551-485b-b935-f3beed891244,TCGA-55-7815-01A,Primary Tumor,,c4b04f49-9f12-4330-81ef-a9334bcb94ad,TCGA-55-7815-01A-13-2192-20_RPPA_data.tsv,SOX2,Sox2,AGID00298,1670,2748,Set165,0.0617521995826125
TCGA-LUAD,TCGA-55-7815,dd46c83e-6551-485b-b935-f3beed891244,TCGA-55-7815-01A,Primary Tumor,,c4b04f49-9f12-4330-81ef-a9334bcb94ad,TCGA-55-7815-01A-13-2192-20_RPPA_data.tsv,STK11,LKB1,AGID00529,1477,3050,Old,-0.20168
TCGA-LUAD,TCGA-55-7815,dd46c83e-6551-485b-b935-f3beed891244,TCGA-55-7815-01A,Primary Tumor,,c4b04f49-9f12-4330-81ef-a9334bcb94ad,TCGA-55-7815-01A-13-2192-20_RPPA_data.tsv,TP53,P53,AGID00050,481,9282,Old,-1.1811
TCGA-LUAD,TCGA-55-7815,dd46c83e-6551-485b-b935-f3beed891244,TCGA-55-7815-01A,Primary Tumor,,c4b04f49-9f12-4330-81ef-a9334bcb94ad,TCGA-55-7815-01A-13-2192-20_RPPA_data.tsv,TP63,P63,AGID00545,1415,ab53039,Old,1.9032
TCGA-LUAD,TCGA-73-A9RS,2a394996-809f-459f-a647-d209921ccbd2,TCGA-73-A9RS-01A,Primary Tumor,,d934c1fb-98ff-4eeb-84d2-44b1816b913b,TCGA-73-A9RS-01A-21-A45B-20_RPPA_data.tsv,BRAF,BRAF,AGID00355,92,1647/ab33899,Old,-0.27379
TCGA-LUAD,TCGA-73-A9RS,2a394996-809f-459f-a647-d209921ccbd2,TCGA-73-A9RS-01A,Primary Tumor,,d934c1fb-98ff-4eeb-84d2-44b1816b913b,TCGA-73-A9RS-01A-21-A45B-20_RPPA_data.tsv,BRAF,BRAF_pS445,AGID00014,94,2696,Old,-0.50654
TCGA-LUAD,TCGA-73-A9RS,2a394996-809f-459f-a647-d209921ccbd2,TCGA-73-A9RS-01A,Primary Tumor,,d934c1fb-98ff-4eeb-84d2-44b1816b913b,TCGA-73-A9RS-01A-21-A45B-20_RPPA_data.tsv,CDKN2A,P16INK4A,AGID00420,466,1712-1/ab40803,Old,-0.79305
TCGA-LUAD,TCGA-73-A9RS,2a394996-809f-459f-a647-d209921ccbd2,TCGA-73-A9RS-01A,Primary Tumor,,d934c1fb-98ff-4eeb-84d2-44b1816b913b,TCGA-73-A9RS-01A-21-A45B-20_RPPA_data.tsv,EGFR,EGFR,AGID00152,1120,2232,Old,0.21568
TCGA-LUAD,TCGA-73-A9RS,2a394996-809f-459f-a647-d209921ccbd2,TCGA-73-A9RS-01A,Primary Tumor,,d934c1fb-98ff-4eeb-84d2-44b1816b913b,TCGA-73-A9RS-01A-21-A45B-20_RPPA_data.tsv,EGFR,EGFR_pY1068,AGID00450,217,2234,Old,0.28639
TCGA-LUAD,TCGA-73-A9RS,2a394996-809f-459f-a647-d209921ccbd2,TCGA-73-A9RS-01A,Primary Tumor,,d934c1fb-98ff-4eeb-84d2-44b1816b913b,TCGA-73-A9RS-01A-21-A45B-20_RPPA_data.tsv,EGFR,EGFR_pY1173,AGID00026,221,1124-1/ab32578,Old,1.338
TCGA-LUAD,TCGA-73-A9RS,2a394996-809f-459f-a647-d209921ccbd2,TCGA-73-A9RS-01A,Primary Tumor,,d934c1fb-98ff-4eeb-84d2-44b1816b913b,TCGA-73-A9RS-01A-21-A45B-20_RPPA_data.tsv,ERBB2,HER2,AGID00131,1038,MS-325-P1,Old,0.47881
TCGA-LUAD,TCGA-73-A9RS,2a394996-809f-459f-a647-d209921ccbd2,TCGA-73-A9RS-01A,Primary Tumor,,d934c1fb-98ff-4eeb-84d2-44b1816b913b,TCGA-73-A9RS-01A-21-A45B-20_RPPA_data.tsv,ERBB2,HER2_pY1248,AGID00142,299,06-229,Old,2.3893
TCGA-LUAD,TCGA-73-A9RS,2a394996-809f-459f-a647-d209921ccbd2,TCGA-73-A9RS-01A,Primary Tumor,,d934c1fb-98ff-4eeb-84d2-44b1816b913b,TCGA-73-A9RS-01A-21-A45B-20_RPPA_data.tsv,MET,CMET,AGID00466,726,3127,Old,-0.21453
TCGA-LUAD,TCGA-73-A9RS,2a394996-809f-459f-a647-d209921ccbd2,TCGA-73-A9RS-01A,Primary Tumor,,d934c1fb-98ff-4eeb-84d2-44b1816b913b,TCGA-73-A9RS-01A-21-A45B-20_RPPA_data.tsv,MET,CMET_pY1235,AGID00079,727,3129,Old,0.24439
TCGA-LUAD,TCGA-73-A9RS,2a394996-809f-459f-a647-d209921ccbd2,TCGA-73-A9RS-01A,Primary Tumor,,d934c1fb-98ff-4eeb-84d2-44b1816b913b,TCGA-73-A9RS-01A-21-A45B-20_RPPA_data.tsv,NFE2L2,NRF2,AGID00257,1419,12721,Old,NA
TCGA-LUAD,TCGA-73-A9RS,2a394996-809f-459f-a647-d209921ccbd2,TCGA-73-A9RS-01A,Primary Tumor,,d934c1fb-98ff-4eeb-84d2-44b1816b913b,TCGA-73-A9RS-01A-21-A45B-20_RPPA_data.tsv,NOTCH1,NOTCH1,AGID02155,2461,3608,Old,0.28454
TCGA-LUAD,TCGA-73-A9RS,2a394996-809f-459f-a647-d209921ccbd2,TCGA-73-A9RS-01A,Primary Tumor,,d934c1fb-98ff-4eeb-84d2-44b1816b913b,TCGA-73-A9RS-01A-21-A45B-20_RPPA_data.tsv,NOTCH1,Notch1-cleaved,AGID00340,1969,4147,Set165,0.0388419820606555
TCGA-LUAD,TCGA-73-A9RS,2a394996-809f-459f-a647-d209921ccbd2,TCGA-73-A9RS-01A,Primary Tumor,,d934c1fb-98ff-4eeb-84d2-44b1816b913b,TCGA-73-A9RS-01A-21-A45B-20_RPPA_data.tsv,PIK3CA,PI3KP110ALPHA,AGID00093,808,4255,Old,-0.19222
TCGA-LUAD,TCGA-73-A9RS,2a394996-809f-459f-a647-d209921ccbd2,TCGA-73-A9RS-01A,Primary Tumor,,d934c1fb-98ff-4eeb-84d2-44b1816b913b,TCGA-73-A9RS-01A-21-A45B-20_RPPA_data.tsv,PTEN,PTEN,AGID00061,566,9552,Old,-0.071863
TCGA-LUAD,TCGA-73-A9RS,2a394996-809f-459f-a647-d209921ccbd2,TCGA-73-A9RS-01A,Primary Tumor,,d934c1fb-98ff-4eeb-84d2-44b1816b913b,TCGA-73-A9RS-01A-21-A45B-20_RPPA_data.tsv,RET,RET_pY905,AGID00547,735,3221,Old,NA
TCGA-LUAD,TCGA-73-A9RS,2a394996-809f-459f-a647-d209921ccbd2,TCGA-73-A9RS-01A,Primary Tumor,,d934c1fb-98ff-4eeb-84d2-44b1816b913b,TCGA-73-A9RS-01A-21-A45B-20_RPPA_data.tsv,SOX2,Sox2,AGID00298,1670,2748,Set165,1.08697842874959
TCGA-LUAD,TCGA-73-A9RS,2a394996-809f-459f-a647-d209921ccbd2,TCGA-73-A9RS-01A,Primary Tumor,,d934c1fb-98ff-4eeb-84d2-44b1816b913b,TCGA-73-A9RS-01A-21-A45B-20_RPPA_data.tsv,STK11,LKB1,AGID00529,1477,3050,Old,-0.1459
TCGA-LUAD,TCGA-73-A9RS,2a394996-809f-459f-a647-d209921ccbd2,TCGA-73-A9RS-01A,Primary Tumor,,d934c1fb-98ff-4eeb-84d2-44b1816b913b,TCGA-73-A9RS-01A-21-A45B-20_RPPA_data.tsv,TP53,P53,AGID00050,481,9282,Old,-0.31312
TCGA-LUAD,TCGA-73-A9RS,2a394996-809f-459f-a647-d209921ccbd2,TCGA-73-A9RS-01A,Primary Tumor,,d934c1fb-98ff-4eeb-84d2-44b1816b913b,TCGA-73-A9RS-01A-21-A45B-20_RPPA_data.tsv,TP63,P63,AGID00545,1415,ab53039,Old,NA
TCGA-LUAD,TCGA-86-7701,a3f6bc1c-19ab-4eeb-a9ac-3d2fac850bde,TCGA-86-7701-01A,Primary Tumor,,6f6e025c-2fd6-4cf6-9b59-94e39812538b,TCGA-86-7701-01A-13-2192-20_RPPA_data.tsv,BRAF,BRAF,AGID00355,92,1647/ab33899,Old,-0.33361
TCGA-LUAD,TCGA-86-7701,a3f6bc1c-19ab-4eeb-a9ac-3d2fac850bde,TCGA-86-7701-01A,Primary Tumor,,6f6e025c-2fd6-4cf6-9b59-94e39812538b,TCGA-86-7701-01A-13-2192-20_RPPA_data.tsv,BRAF,BRAF_pS445,AGID00014,94,2696,Old,0.070565
TCGA-LUAD,TCGA-86-7701,a3f6bc1c-19ab-4eeb-a9ac-3d2fac850bde,TCGA-86-7701-01A,Primary Tumor,,6f6e025c-2fd6-4cf6-9b59-94e39812538b,TCGA-86-7701-01A-13-2192-20_RPPA_data.tsv,CDKN2A,P16INK4A,AGID00420,466,1712-1/ab40803,Old,-0.57521
TCGA-LUAD,TCGA-86-7701,a3f6bc1c-19ab-4eeb-a9ac-3d2fac850bde,TCGA-86-7701-01A,Primary Tumor,,6f6e025c-2fd6-4cf6-9b59-94e39812538b,TCGA-86-7701-01A-13-2192-20_RPPA_data.tsv,EGFR,EGFR,AGID00152,1120,2232,Old,0.26514
TCGA-LUAD,TCGA-86-7701,a3f6bc1c-19ab-4eeb-a9ac-3d2fac850bde,TCGA-86-7701-01A,Primary Tumor,,6f6e025c-2fd6-4cf6-9b59-94e39812538b,TCGA-86-7701-01A-13-2192-20_RPPA_data.tsv,EGFR,EGFR_pY1068,AGID00450,217,2234,Old,-0.22501
TCGA-LUAD,TCGA-86-7701,a3f6bc1c-19ab-4eeb-a9ac-3d2fac850bde,TCGA-86-7701-01A,Primary Tumor,,6f6e025c-2fd6-4cf6-9b59-94e39812538b,TCGA-86-7701-01A-13-2192-20_RPPA_data.tsv,EGFR,EGFR_pY1173,AGID00026,221,1124-1/ab32578,Old,0.62436
TCGA-LUAD,TCGA-86-7701,a3f6bc1c-19ab-4eeb-a9ac-3d2fac850bde,TCGA-86-7701-01A,Primary Tumor,,6f6e025c-2fd6-4cf6-9b59-94e39812538b,TCGA-86-7701-01A-13-2192-20_RPPA_data.tsv,ERBB2,HER2,AGID00131,1038,MS-325-P1,Old,-0.74577
TCGA-LUAD,TCGA-86-7701,a3f6bc1c-19ab-4eeb-a9ac-3d2fac850bde,TCGA-86-7701-01A,Primary Tumor,,6f6e025c-2fd6-4cf6-9b59-94e39812538b,TCGA-86-7701-01A-13-2192-20_RPPA_data.tsv,ERBB2,HER2_pY1248,AGID00142,299,06-229,Old,0.042258
TCGA-LUAD,TCGA-86-7701,a3f6bc1c-19ab-4eeb-a9ac-3d2fac850bde,TCGA-86-7701-01A,Primary Tumor,,6f6e025c-2fd6-4cf6-9b59-94e39812538b,TCGA-86-7701-01A-13-2192-20_RPPA_data.tsv,MET,CMET,AGID00466,726,3127,Old,-0.20779
TCGA-LUAD,TCGA-86-7701,a3f6bc1c-19ab-4eeb-a9ac-3d2fac850bde,TCGA-86-7701-01A,Primary Tumor,,6f6e025c-2fd6-4cf6-9b59-94e39812538b,TCGA-86-7701-01A-13-2192-20_RPPA_data.tsv,MET,CMET_pY1235,AGID00079,727,3129,Old,0.086652
TCGA-LUAD,TCGA-86-7701,a3f6bc1c-19ab-4eeb-a9ac-3d2fac850bde,TCGA-86-7701-01A,Primary Tumor,,6f6e025c-2fd6-4cf6-9b59-94e39812538b,TCGA-86-7701-01A-13-2192-20_RPPA_data.tsv,NFE2L2,NRF2,AGID00257,1419,12721,Old,0.38147
TCGA-LUAD,TCGA-86-7701,a3f6bc1c-19ab-4eeb-a9ac-3d2fac850bde,TCGA-86-7701-01A,Primary Tumor,,6f6e025c-2fd6-4cf6-9b59-94e39812538b,TCGA-86-7701-01A-13-2192-20_RPPA_data.tsv,NOTCH1,NOTCH1,AGID02155,2461,3608,Old,0.18037
TCGA-LUAD,TCGA-86-7701,a3f6bc1c-19ab-4eeb-a9ac-3d2fac850bde,TCGA-86-7701-01A,Primary Tumor,,6f6e025c-2fd6-4cf6-9b59-94e39812538b,TCGA-86-7701-01A-13-2192-20_RPPA_data.tsv,NOTCH1,Notch1-cleaved,AGID00340,1969,4147,Set165,0.287281792124535
TCGA-LUAD,TCGA-86-7701,a3f6bc1c-19ab-4eeb-a9ac-3d2fac850bde,TCGA-86-7701-01A,Primary Tumor,,6f6e025c-2fd6-4cf6-9b59-94e39812538b,TCGA-86-7701-01A-13-2192-20_RPPA_data.tsv,PIK3CA,PI3KP110ALPHA,AGID00093,808,4255,Old,-0.56128
TCGA-LUAD,TCGA-86-7701,a3f6bc1c-19ab-4eeb-a9ac-3d2fac850bde,TCGA-86-7701-01A,Primary Tumor,,6f6e025c-2fd6-4cf6-9b59-94e39812538b,TCGA-86-7701-01A-13-2192-20_RPPA_data.tsv,PTEN,PTEN,AGID00061,566,9552,Old,-0.40512
TCGA-LUAD,TCGA-86-7701,a3f6bc1c-19ab-4eeb-a9ac-3d2fac850bde,TCGA-86-7701-01A,Primary Tumor,,6f6e025c-2fd6-4cf6-9b59-94e39812538b,TCGA-86-7701-01A-13-2192-20_RPPA_data.tsv,RET,RET_pY905,AGID00547,735,3221,Old,-0.46626
TCGA-LUAD,TCGA-86-7701,a3f6bc1c-19ab-4eeb-a9ac-3d2fac850bde,TCGA-86-7701-01A,Primary Tumor,,6f6e025c-2fd6-4cf6-9b59-94e39812538b,TCGA-86-7701-01A-13-2192-20_RPPA_data.tsv,SOX2,Sox2,AGID00298,1670,2748,Set165,0.632346796553253
TCGA-LUAD,TCGA-86-7701,a3f6bc1c-19ab-4eeb-a9ac-3d2fac850bde,TCGA-86-7701-01A,Primary Tumor,,6f6e025c-2fd6-4cf6-9b59-94e39812538b,TCGA-86-7701-01A-13-2192-20_RPPA_data.tsv,STK11,LKB1,AGID00529,1477,3050,Old,-0.15138
TCGA-LUAD,TCGA-86-7701,a3f6bc1c-19ab-4eeb-a9ac-3d2fac850bde,TCGA-86-7701-01A,Primary Tumor,,6f6e025c-2fd6-4cf6-9b59-94e39812538b,TCGA-86-7701-01A-13-2192-20_RPPA_data.tsv,TP53,P53,AGID00050,481,9282,Old,0.49675
TCGA-LUAD,TCGA-86-7701,a3f6bc1c-19ab-4eeb-a9ac-3d2fac850bde,TCGA-86-7701-01A,Primary Tumor,,6f6e025c-2fd6-4cf6-9b59-94e39812538b,TCGA-86-7701-01A-13-2192-20_RPPA_data.tsv,TP63,P63,AGID00545,1415,ab53039,Old,-0.95836
TCGA-LUAD,TCGA-86-7954,079ae0b3-b64b-4b8e-ab7d-225b8046568c,TCGA-86-7954-01A,Primary Tumor,,d69feb9c-1e8a-4c71-a15c-cc444fd16a98,TCGA-86-7954-01A-13-2192-20_RPPA_data.tsv,BRAF,BRAF,AGID00355,92,1647/ab33899,Old,-0.13394
TCGA-LUAD,TCGA-86-7954,079ae0b3-b64b-4b8e-ab7d-225b8046568c,TCGA-86-7954-01A,Primary Tumor,,d69feb9c-1e8a-4c71-a15c-cc444fd16a98,TCGA-86-7954-01A-13-2192-20_RPPA_data.tsv,BRAF,BRAF_pS445,AGID00014,94,2696,Old,0.34707
TCGA-LUAD,TCGA-86-7954,079ae0b3-b64b-4b8e-ab7d-225b8046568c,TCGA-86-7954-01A,Primary Tumor,,d69feb9c-1e8a-4c71-a15c-cc444fd16a98,TCGA-86-7954-01A-13-2192-20_RPPA_data.tsv,CDKN2A,P16INK4A,AGID00420,466,1712-1/ab40803,Old,0.84759
TCGA-LUAD,TCGA-86-7954,079ae0b3-b64b-4b8e-ab7d-225b8046568c,TCGA-86-7954-01A,Primary Tumor,,d69feb9c-1e8a-4c71-a15c-cc444fd16a98,TCGA-86-7954-01A-13-2192-20_RPPA_data.tsv,EGFR,EGFR,AGID00152,1120,2232,Old,-0.21397
TCGA-LUAD,TCGA-86-7954,079ae0b3-b64b-4b8e-ab7d-225b8046568c,TCGA-86-7954-01A,Primary Tumor,,d69feb9c-1e8a-4c71-a15c-cc444fd16a98,TCGA-86-7954-01A-13-2192-20_RPPA_data.tsv,EGFR,EGFR_pY1068,AGID00450,217,2234,Old,1.5231
TCGA-LUAD,TCGA-86-7954,079ae0b3-b64b-4b8e-ab7d-225b8046568c,TCGA-86-7954-01A,Primary Tumor,,d69feb9c-1e8a-4c71-a15c-cc444fd16a98,TCGA-86-7954-01A-13-2192-20_RPPA_data.tsv,EGFR,EGFR_pY1173,AGID00026,221,1124-1/ab32578,Old,0.70794
TCGA-LUAD,TCGA-86-7954,079ae0b3-b64b-4b8e-ab7d-225b8046568c,TCGA-86-7954-01A,Primary Tumor,,d69feb9c-1e8a-4c71-a15c-cc444fd16a98,TCGA-86-7954-01A-13-2192-20_RPPA_data.tsv,ERBB2,HER2,AGID00131,1038,MS-325-P1,Old,0.26788
TCGA-LUAD,TCGA-86-7954,079ae0b3-b64b-4b8e-ab7d-225b8046568c,TCGA-86-7954-01A,Primary Tumor,,d69feb9c-1e8a-4c71-a15c-cc444fd16a98,TCGA-86-7954-01A-13-2192-20_RPPA_data.tsv,ERBB2,HER2_pY1248,AGID00142,299,06-229,Old,1.285
TCGA-LUAD,TCGA-86-7954,079ae0b3-b64b-4b8e-ab7d-225b8046568c,TCGA-86-7954-01A,Primary Tumor,,d69feb9c-1e8a-4c71-a15c-cc444fd16a98,TCGA-86-7954-01A-13-2192-20_RPPA_data.tsv,MET,CMET,AGID00466,726,3127,Old,1.2858
TCGA-LUAD,TCGA-86-7954,079ae0b3-b64b-4b8e-ab7d-225b8046568c,TCGA-86-7954-01A,Primary Tumor,,d69feb9c-1e8a-4c71-a15c-cc444fd16a98,TCGA-86-7954-01A-13-2192-20_RPPA_data.tsv,MET,CMET_pY1235,AGID00079,727,3129,Old,-0.03458
TCGA-LUAD,TCGA-86-7954,079ae0b3-b64b-4b8e-ab7d-225b8046568c,TCGA-86-7954-01A,Primary Tumor,,d69feb9c-1e8a-4c71-a15c-cc444fd16a98,TCGA-86-7954-01A-13-2192-20_RPPA_data.tsv,NFE2L2,NRF2,AGID00257,1419,12721,Old,0.047145
TCGA-LUAD,TCGA-86-7954,079ae0b3-b64b-4b8e-ab7d-225b8046568c,TCGA-86-7954-01A,Primary Tumor,,d69feb9c-1e8a-4c71-a15c-cc444fd16a98,TCGA-86-7954-01A-13-2192-20_RPPA_data.tsv,NOTCH1,NOTCH1,AGID02155,2461,3608,Old,-0.41387
TCGA-LUAD,TCGA-86-7954,079ae0b3-b64b-4b8e-ab7d-225b8046568c,TCGA-86-7954-01A,Primary Tumor,,d69feb9c-1e8a-4c71-a15c-cc444fd16a98,TCGA-86-7954-01A-13-2192-20_RPPA_data.tsv,NOTCH1,Notch1-cleaved,AGID00340,1969,4147,Set165,-0.0704584189895272
TCGA-LUAD,TCGA-86-7954,079ae0b3-b64b-4b8e-ab7d-225b8046568c,TCGA-86-7954-01A,Primary Tumor,,d69feb9c-1e8a-4c71-a15c-cc444fd16a98,TCGA-86-7954-01A-13-2192-20_RPPA_data.tsv,PIK3CA,PI3KP110ALPHA,AGID00093,808,4255,Old,-0.61645
TCGA-LUAD,TCGA-86-7954,079ae0b3-b64b-4b8e-ab7d-225b8046568c,TCGA-86-7954-01A,Primary Tumor,,d69feb9c-1e8a-4c71-a15c-cc444fd16a98,TCGA-86-7954-01A-13-2192-20_RPPA_data.tsv,PTEN,PTEN,AGID00061,566,9552,Old,0.35509
TCGA-LUAD,TCGA-86-7954,079ae0b3-b64b-4b8e-ab7d-225b8046568c,TCGA-86-7954-01A,Primary Tumor,,d69feb9c-1e8a-4c71-a15c-cc444fd16a98,TCGA-86-7954-01A-13-2192-20_RPPA_data.tsv,RET,RET_pY905,AGID00547,735,3221,Old,0.068368
TCGA-LUAD,TCGA-86-7954,079ae0b3-b64b-4b8e-ab7d-225b8046568c,TCGA-86-7954-01A,Primary Tumor,,d69feb9c-1e8a-4c71-a15c-cc444fd16a98,TCGA-86-7954-01A-13-2192-20_RPPA_data.tsv,SOX2,Sox2,AGID00298,1670,2748,Set165,0.443062908421064
TCGA-LUAD,TCGA-86-7954,079ae0b3-b64b-4b8e-ab7d-225b8046568c,TCGA-86-7954-01A,Primary Tumor,,d69feb9c-1e8a-4c71-a15c-cc444fd16a98,TCGA-86-7954-01A-13-2192-20_RPPA_data.tsv,STK11,LKB1,AGID00529,1477,3050,Old,-0.31314
TCGA-LUAD,TCGA-86-7954,079ae0b3-b64b-4b8e-ab7d-225b8046568c,TCGA-86-7954-01A,Primary Tumor,,d69feb9c-1e8a-4c71-a15c-cc444fd16a98,TCGA-86-7954-01A-13-2192-20_RPPA_data.tsv,TP53,P53,AGID00050,481,9282,Old,-0.11097
TCGA-LUAD,TCGA-86-7954,079ae0b3-b64b-4b8e-ab7d-225b8046568c,TCGA-86-7954-01A,Primary Tumor,,d69feb9c-1e8a-4c71-a15c-cc444fd16a98,TCGA-86-7954-01A-13-2192-20_RPPA_data.tsv,TP63,P63,AGID00545,1415,ab53039,Old,0.7471
TCGA-LUAD,TCGA-86-8279,2923e404-38f2-437a-b57e-23401fbe0273,TCGA-86-8279-01A,Primary Tumor,,7f3012cb-bf68-4c24-8c94-a2157430b0ad,TCGA-86-8279-01A-21-A45A-20_RPPA_data.tsv,BRAF,BRAF,AGID00355,92,1647/ab33899,Old,-0.066391
TCGA-LUAD,TCGA-86-8279,2923e404-38f2-437a-b57e-23401fbe0273,TCGA-86-8279-01A,Primary Tumor,,7f3012cb-bf68-4c24-8c94-a2157430b0ad,TCGA-86-8279-01A-21-A45A-20_RPPA_data.tsv,BRAF,BRAF_pS445,AGID00014,94,2696,Old,0.070504
TCGA-LUAD,TCGA-86-8279,2923e404-38f2-437a-b57e-23401fbe0273,TCGA-86-8279-01A,Primary Tumor,,7f3012cb-bf68-4c24-8c94-a2157430b0ad,TCGA-86-8279-01A-21-A45A-20_RPPA_data.tsv,CDKN2A,P16INK4A,AGID00420,466,1712-1/ab40803,Old,-0.5597
TCGA-LUAD,TCGA-86-8279,2923e404-38f2-437a-b57e-23401fbe0273,TCGA-86-8279-01A,Primary Tumor,,7f3012cb-bf68-4c24-8c94-a2157430b0ad,TCGA-86-8279-01A-21-A45A-20_RPPA_data.tsv,EGFR,EGFR,AGID00152,1120,2232,Old,0.34849
TCGA-LUAD,TCGA-86-8279,2923e404-38f2-437a-b57e-23401fbe0273,TCGA-86-8279-01A,Primary Tumor,,7f3012cb-bf68-4c24-8c94-a2157430b0ad,TCGA-86-8279-01A-21-A45A-20_RPPA_data.tsv,EGFR,EGFR_pY1068,AGID00450,217,2234,Old,0.81267
TCGA-LUAD,TCGA-86-8279,2923e404-38f2-437a-b57e-23401fbe0273,TCGA-86-8279-01A,Primary Tumor,,7f3012cb-bf68-4c24-8c94-a2157430b0ad,TCGA-86-8279-01A-21-A45A-20_RPPA_data.tsv,EGFR,EGFR_pY1173,AGID00026,221,1124-1/ab32578,Old,1.2213
TCGA-LUAD,TCGA-86-8279,2923e404-38f2-437a-b57e-23401fbe0273,TCGA-86-8279-01A,Primary Tumor,,7f3012cb-bf68-4c24-8c94-a2157430b0ad,TCGA-86-8279-01A-21-A45A-20_RPPA_data.tsv,ERBB2,HER2,AGID00131,1038,MS-325-P1,Old,0.30017
TCGA-LUAD,TCGA-86-8279,2923e404-38f2-437a-b57e-23401fbe0273,TCGA-86-8279-01A,Primary Tumor,,7f3012cb-bf68-4c24-8c94-a2157430b0ad,TCGA-86-8279-01A-21-A45A-20_RPPA_data.tsv,ERBB2,HER2_pY1248,AGID00142,299,06-229,Old,1.2378
TCGA-LUAD,TCGA-86-8279,2923e404-38f2-437a-b57e-23401fbe0273,TCGA-86-8279-01A,Primary Tumor,,7f3012cb-bf68-4c24-8c94-a2157430b0ad,TCGA-86-8279-01A-21-A45A-20_RPPA_data.tsv,MET,CMET,AGID00466,726,3127,Old,-0.060137
TCGA-LUAD,TCGA-86-8279,2923e404-38f2-437a-b57e-23401fbe0273,TCGA-86-8279-01A,Primary Tumor,,7f3012cb-bf68-4c24-8c94-a2157430b0ad,TCGA-86-8279-01A-21-A45A-20_RPPA_data.tsv,MET,CMET_pY1235,AGID00079,727,3129,Old,0.16307
TCGA-LUAD,TCGA-86-8279,2923e404-38f2-437a-b57e-23401fbe0273,TCGA-86-8279-01A,Primary Tumor,,7f3012cb-bf68-4c24-8c94-a2157430b0ad,TCGA-86-8279-01A-21-A45A-20_RPPA_data.tsv,NFE2L2,NRF2,AGID00257,1419,12721,Old,NA
TCGA-LUAD,TCGA-86-8279,2923e404-38f2-437a-b57e-23401fbe0273,TCGA-86-8279-01A,Primary Tumor,,7f3012cb-bf68-4c24-8c94-a2157430b0ad,TCGA-86-8279-01A-21-A45A-20_RPPA_data.tsv,NOTCH1,NOTCH1,AGID02155,2461,3608,Old,-0.20464
TCGA-LUAD,TCGA-86-8279,2923e404-38f2-437a-b57e-23401fbe0273,TCGA-86-8279-01A,Primary Tumor,,7f3012cb-bf68-4c24-8c94-a2157430b0ad,TCGA-86-8279-01A-21-A45A-20_RPPA_data.tsv,NOTCH1,Notch1-cleaved,AGID00340,1969,4147,Set165,-0.101615370687264
TCGA-LUAD,TCGA-86-8279,2923e404-38f2-437a-b57e-23401fbe0273,TCGA-86-8279-01A,Primary Tumor,,7f3012cb-bf68-4c24-8c94-a2157430b0ad,TCGA-86-8279-01A-21-A45A-20_RPPA_data.tsv,PIK3CA,PI3KP110ALPHA,AGID00093,808,4255,Old,-0.28626
TCGA-LUAD,TCGA-86-8279,2923e404-38f2-437a-b57e-23401fbe0273,TCGA-86-8279-01A,Primary Tumor,,7f3012cb-bf68-4c24-8c94-a2157430b0ad,TCGA-86-8279-01A-21-A45A-20_RPPA_data.tsv,PTEN,PTEN,AGID00061,566,9552,Old,0.45817
TCGA-LUAD,TCGA-86-8279,2923e404-38f2-437a-b57e-23401fbe0273,TCGA-86-8279-01A,Primary Tumor,,7f3012cb-bf68-4c24-8c94-a2157430b0ad,TCGA-86-8279-01A-21-A45A-20_RPPA_data.tsv,RET,RET_pY905,AGID00547,735,3221,Old,NA
TCGA-LUAD,TCGA-86-8279,2923e404-38f2-437a-b57e-23401fbe0273,TCGA-86-8279-01A,Primary Tumor,,7f3012cb-bf68-4c24-8c94-a2157430b0ad,TCGA-86-8279-01A-21-A45A-20_RPPA_data.tsv,SOX2,Sox2,AGID00298,1670,2748,Set165,0.170555337416346
TCGA-LUAD,TCGA-86-8279,2923e404-38f2-437a-b57e-23401fbe0273,TCGA-86-8279-01A,Primary Tumor,,7f3012cb-bf68-4c24-8c94-a2157430b0ad,TCGA-86-8279-01A-21-A45A-20_RPPA_data.tsv,STK11,LKB1,AGID00529,1477,3050,Old,-0.15711
TCGA-LUAD,TCGA-86-8279,2923e404-38f2-437a-b57e-23401fbe0273,TCGA-86-8279-01A,Primary Tumor,,7f3012cb-bf68-4c24-8c94-a2157430b0ad,TCGA-86-8279-01A-21-A45A-20_RPPA_data.tsv,TP53,P53,AGID00050,481,9282,Old,-0.88127
TCGA-LUAD,TCGA-86-8279,2923e404-38f2-437a-b57e-23401fbe0273,TCGA-86-8279-01A,Primary Tumor,,7f3012cb-bf68-4c24-8c94-a2157430b0ad,TCGA-86-8279-01A-21-A45A-20_RPPA_data.tsv,TP63,P63,AGID00545,1415,ab53039,Old,NA
TCGA-LUSC,TCGA-18-5595,628b1bc3-825b-4d0e-a4cd-57eeaf98e798,TCGA-18-5595-01A,Primary Tumor,,ef6f3115-bcbf-4c18-a0a2-9b479fad067f,TCGA-18-5595-01A-21-2194-20_RPPA_data.tsv,BRAF,BRAF,AGID00355,92,1647/ab33899,Old,-0.82255
TCGA-LUSC,TCGA-18-5595,628b1bc3-825b-4d0e-a4cd-57eeaf98e798,TCGA-18-5595-01A,Primary Tumor,,ef6f3115-bcbf-4c18-a0a2-9b479fad067f,TCGA-18-5595-01A-21-2194-20_RPPA_data.tsv,BRAF,BRAF_pS445,AGID00014,94,2696,Old,-0.19554
TCGA-LUSC,TCGA-18-5595,628b1bc3-825b-4d0e-a4cd-57eeaf98e798,TCGA-18-5595-01A,Primary Tumor,,ef6f3115-bcbf-4c18-a0a2-9b479fad067f,TCGA-18-5595-01A-21-2194-20_RPPA_data.tsv,CDKN2A,P16INK4A,AGID00420,466,1712-1/ab40803,Old,1.3143
TCGA-LUSC,TCGA-18-5595,628b1bc3-825b-4d0e-a4cd-57eeaf98e798,TCGA-18-5595-01A,Primary Tumor,,ef6f3115-bcbf-4c18-a0a2-9b479fad067f,TCGA-18-5595-01A-21-2194-20_RPPA_data.tsv,EGFR,EGFR,AGID00152,1120,2232,Old,0.37278
TCGA-LUSC,TCGA-18-5595,628b1bc3-825b-4d0e-a4cd-57eeaf98e798,TCGA-18-5595-01A,Primary Tumor,,ef6f3115-bcbf-4c18-a0a2-9b479fad067f,TCGA-18-5595-01A-21-2194-20_RPPA_data.tsv,EGFR,EGFR_pY1068,AGID00450,217,2234,Old,1.0332
TCGA-LUSC,TCGA-18-5595,628b1bc3-825b-4d0e-a4cd-57eeaf98e798,TCGA-18-5595-01A,Primary Tumor,,ef6f3115-bcbf-4c18-a0a2-9b479fad067f,TCGA-18-5595-01A-21-2194-20_RPPA_data.tsv,EGFR,EGFR_pY1173,AGID00026,221,1124-1/ab32578,Old,0.2529
TCGA-LUSC,TCGA-18-5595,628b1bc3-825b-4d0e-a4cd-57eeaf98e798,TCGA-18-5595-01A,Primary Tumor,,ef6f3115-bcbf-4c18-a0a2-9b479fad067f,TCGA-18-5595-01A-21-2194-20_RPPA_data.tsv,ERBB2,HER2,AGID00131,1038,MS-325-P1,Old,-0.6185
TCGA-LUSC,TCGA-18-5595,628b1bc3-825b-4d0e-a4cd-57eeaf98e798,TCGA-18-5595-01A,Primary Tumor,,ef6f3115-bcbf-4c18-a0a2-9b479fad067f,TCGA-18-5595-01A-21-2194-20_RPPA_data.tsv,ERBB2,HER2_pY1248,AGID00142,299,06-229,Old,0.55842
TCGA-LUSC,TCGA-18-5595,628b1bc3-825b-4d0e-a4cd-57eeaf98e798,TCGA-18-5595-01A,Primary Tumor,,ef6f3115-bcbf-4c18-a0a2-9b479fad067f,TCGA-18-5595-01A-21-2194-20_RPPA_data.tsv,MET,CMET,AGID00466,726,3127,Old,-0.29569
TCGA-LUSC,TCGA-18-5595,628b1bc3-825b-4d0e-a4cd-57eeaf98e798,TCGA-18-5595-01A,Primary Tumor,,ef6f3115-bcbf-4c18-a0a2-9b479fad067f,TCGA-18-5595-01A-21-2194-20_RPPA_data.tsv,MET,CMET_pY1235,AGID00079,727,3129,Old,0.13006
TCGA-LUSC,TCGA-18-5595,628b1bc3-825b-4d0e-a4cd-57eeaf98e798,TCGA-18-5595-01A,Primary Tumor,,ef6f3115-bcbf-4c18-a0a2-9b479fad067f,TCGA-18-5595-01A-21-2194-20_RPPA_data.tsv,NFE2L2,NRF2,AGID00257,1419,12721,Old,0.26282
TCGA-LUSC,TCGA-18-5595,628b1bc3-825b-4d0e-a4cd-57eeaf98e798,TCGA-18-5595-01A,Primary Tumor,,ef6f3115-bcbf-4c18-a0a2-9b479fad067f,TCGA-18-5595-01A-21-2194-20_RPPA_data.tsv,NOTCH1,NOTCH1,AGID02155,2461,3608,Old,0.23314
TCGA-LUSC,TCGA-18-5595,628b1bc3-825b-4d0e-a4cd-57eeaf98e798,TCGA-18-5595-01A,Primary Tumor,,ef6f3115-bcbf-4c18-a0a2-9b479fad067f,TCGA-18-5595-01A-21-2194-20_RPPA_data.tsv,NOTCH1,Notch1-cleaved,AGID00340,1969,4147,Set165,0.292456215124612
TCGA-LUSC,TCGA-18-5595,628b1bc3-825b-4d0e-a4cd-57eeaf98e798,TCGA-18-5595-01A,Primary Tumor,,ef6f3115-bcbf-4c18-a0a2-9b479fad067f,TCGA-18-5595-01A-21-2194-20_RPPA_data.tsv,PIK3CA,PI3KP110ALPHA,AGID00093,808,4255,Old,-0.18414
TCGA-LUSC,TCGA-18-5595,628b1bc3-825b-4d0e-a4cd-57eeaf98e798,TCGA-18-5595-01A,Primary Tumor,,ef6f3115-bcbf-4c18-a0a2-9b479fad067f,TCGA-18-5595-01A-21-2194-20_RPPA_data.tsv,PTEN,PTEN,AGID00061,566,9552,Old,0.29271
TCGA-LUSC,TCGA-18-5595,628b1bc3-825b-4d0e-a4cd-57eeaf98e798,TCGA-18-5595-01A,Primary Tumor,,ef6f3115-bcbf-4c18-a0a2-9b479fad067f,TCGA-18-5595-01A-21-2194-20_RPPA_data.tsv,RET,RET_pY905,AGID00547,735,3221,Old,0.10896
TCGA-LUSC,TCGA-18-5595,628b1bc3-825b-4d0e-a4cd-57eeaf98e798,TCGA-18-5595-01A,Primary Tumor,,ef6f3115-bcbf-4c18-a0a2-9b479fad067f,TCGA-18-5595-01A-21-2194-20_RPPA_data.tsv,SOX2,Sox2,AGID00298,1670,2748,Set165,2.30859344662853
TCGA-LUSC,TCGA-18-5595,628b1bc3-825b-4d0e-a4cd-57eeaf98e798,TCGA-18-5595-01A,Primary Tumor,,ef6f3115-bcbf-4c18-a0a2-9b479fad067f,TCGA-18-5595-01A-21-2194-20_RPPA_data.tsv,STK11,LKB1,AGID00529,1477,3050,Old,-0.020013
TCGA-LUSC,TCGA-18-5595,628b1bc3-825b-4d0e-a4cd-57eeaf98e798,TCGA-18-5595-01A,Primary Tumor,,ef6f3115-bcbf-4c18-a0a2-9b479fad067f,TCGA-18-5595-01A-21-2194-20_RPPA_data.tsv,TP53,P53,AGID00050,481,9282,Old,-0.17776
TCGA-LUSC,TCGA-18-5595,628b1bc3-825b-4d0e-a4cd-57eeaf98e798,TCGA-18-5595-01A,Primary Tumor,,ef6f3115-bcbf-4c18-a0a2-9b479fad067f,TCGA-18-5595-01A-21-2194-20_RPPA_data.tsv,TP63,P63,AGID00545,1415,ab53039,Old,1.0982
TCGA-LUSC,TCGA-37-3789,fd881d58-c9c7-479b-b76b-1f3c2ab1b015,TCGA-37-3789-01A,Primary Tumor,,7bd74433-22c8-42cb-80d6-52f6bc7e595c,TCGA-37-3789-01A-21-2193-20_RPPA_data.tsv,BRAF,BRAF,AGID00355,92,1647/ab33899,Old,-0.75271
TCGA-LUSC,TCGA-37-3789,fd881d58-c9c7-479b-b76b-1f3c2ab1b015,TCGA-37-3789-01A,Primary Tumor,,7bd74433-22c8-42cb-80d6-52f6bc7e595c,TCGA-37-3789-01A-21-2193-20_RPPA_data.tsv,BRAF,BRAF_pS445,AGID00014,94,2696,Old,0.20799
TCGA-LUSC,TCGA-37-3789,fd881d58-c9c7-479b-b76b-1f3c2ab1b015,TCGA-37-3789-01A,Primary Tumor,,7bd74433-22c8-42cb-80d6-52f6bc7e595c,TCGA-37-3789-01A-21-2193-20_RPPA_data.tsv,CDKN2A,P16INK4A,AGID00420,466,1712-1/ab40803,Old,1.5035
TCGA-LUSC,TCGA-37-3789,fd881d58-c9c7-479b-b76b-1f3c2ab1b015,TCGA-37-3789-01A,Primary Tumor,,7bd74433-22c8-42cb-80d6-52f6bc7e595c,TCGA-37-3789-01A-21-2193-20_RPPA_data.tsv,EGFR,EGFR,AGID00152,1120,2232,Old,1.7817
TCGA-LUSC,TCGA-37-3789,fd881d58-c9c7-479b-b76b-1f3c2ab1b015,TCGA-37-3789-01A,Primary Tumor,,7bd74433-22c8-42cb-80d6-52f6bc7e595c,TCGA-37-3789-01A-21-2193-20_RPPA_data.tsv,EGFR,EGFR_pY1068,AGID00450,217,2234,Old,1.8797
TCGA-LUSC,TCGA-37-3789,fd881d58-c9c7-479b-b76b-1f3c2ab1b015,TCGA-37-3789-01A,Primary Tumor,,7bd74433-22c8-42cb-80d6-52f6bc7e595c,TCGA-37-3789-01A-21-2193-20_RPPA_data.tsv,EGFR,EGFR_pY1173,AGID00026,221,1124-1/ab32578,Old,1.0384
TCGA-LUSC,TCGA-37-3789,fd881d58-c9c7-479b-b76b-1f3c2ab1b015,TCGA-37-3789-01A,Primary Tumor,,7bd74433-22c8-42cb-80d6-52f6bc7e595c,TCGA-37-3789-01A-21-2193-20_RPPA_data.tsv,ERBB2,HER2,AGID00131,1038,MS-325-P1,Old,-0.45211
TCGA-LUSC,TCGA-37-3789,fd881d58-c9c7-479b-b76b-1f3c2ab1b015,TCGA-37-3789-01A,Primary Tumor,,7bd74433-22c8-42cb-80d6-52f6bc7e595c,TCGA-37-3789-01A-21-2193-20_RPPA_data.tsv,ERBB2,HER2_pY1248,AGID00142,299,06-229,Old,1.3108
TCGA-LUSC,TCGA-37-3789,fd881d58-c9c7-479b-b76b-1f3c2ab1b015,TCGA-37-3789-01A,Primary Tumor,,7bd74433-22c8-42cb-80d6-52f6bc7e595c,TCGA-37-3789-01A-21-2193-20_RPPA_data.tsv,MET,CMET,AGID00466,726,3127,Old,-0.11232
TCGA-LUSC,TCGA-37-3789,fd881d58-c9c7-479b-b76b-1f3c2ab1b015,TCGA-37-3789-01A,Primary Tumor,,7bd74433-22c8-42cb-80d6-52f6bc7e595c,TCGA-37-3789-01A-21-2193-20_RPPA_data.tsv,MET,CMET_pY1235,AGID00079,727,3129,Old,-0.11064
TCGA-LUSC,TCGA-37-3789,fd881d58-c9c7-479b-b76b-1f3c2ab1b015,TCGA-37-3789-01A,Primary Tumor,,7bd74433-22c8-42cb-80d6-52f6bc7e595c,TCGA-37-3789-01A-21-2193-20_RPPA_data.tsv,NFE2L2,NRF2,AGID00257,1419,12721,Old,0.029612
TCGA-LUSC,TCGA-37-3789,fd881d58-c9c7-479b-b76b-1f3c2ab1b015,TCGA-37-3789-01A,Primary Tumor,,7bd74433-22c8-42cb-80d6-52f6bc7e595c,TCGA-37-3789-01A-21-2193-20_RPPA_data.tsv,NOTCH1,NOTCH1,AGID02155,2461,3608,Old,0.016664
TCGA-LUSC,TCGA-37-3789,fd881d58-c9c7-479b-b76b-1f3c2ab1b015,TCGA-37-3789-01A,Primary Tumor,,7bd74433-22c8-42cb-80d6-52f6bc7e595c,TCGA-37-3789-01A-21-2193-20_RPPA_data.tsv,NOTCH1,Notch1-cleaved,AGID00340,1969,4147,Set165,0.266385115408712
TCGA-LUSC,TCGA-37-3789,fd881d58-c9c7-479b-b76b-1f3c2ab1b015,TCGA-37-3789-01A,Primary Tumor,,7bd74433-22c8-42cb-80d6-52f6bc7e595c,TCGA-37-3789-01A-21-2193-20_RPPA_data.tsv,PIK3CA,PI3KP110ALPHA,AGID00093,808,4255,Old,0.11465
TCGA-LUSC,TCGA-37-3789,fd881d58-c9c7-479b-b76b-1f3c2ab1b015,TCGA-37-3789-01A,Primary Tumor,,7bd74433-22c8-42cb-80d6-52f6bc7e595c,TCGA-37-3789-01A-21-2193-20_RPPA_data.tsv,PTEN,PTEN,AGID00061,566,9552,Old,-0.35928
TCGA-LUSC,TCGA-37-3789,fd881d58-c9c7-479b-b76b-1f3c2ab1b015,TCGA-37-3789-01A,Primary Tumor,,7bd74433-22c8-42cb-80d6-52f6bc7e595c,TCGA-37-3789-01A-21-2193-20_RPPA_data.tsv,RET,RET_pY905,AGID00547,735,3221,Old,0.15566
TCGA-LUSC,TCGA-37-3789,fd881d58-c9c7-479b-b76b-1f3c2ab1b015,TCGA-37-3789-01A,Primary Tumor,,7bd74433-22c8-42cb-80d6-52f6bc7e595c,TCGA-37-3789-01A-21-2193-20_RPPA_data.tsv,SOX2,Sox2,AGID00298,1670,2748,Set165,1.88707521349085
TCGA-LUSC,TCGA-37-3789,fd881d58-c9c7-479b-b76b-1f3c2ab1b015,TCGA-37-3789-01A,Primary Tumor,,7bd74433-22c8-42cb-80d6-52f6bc7e595c,TCGA-37-3789-01A-21-2193-20_RPPA_data.tsv,STK11,LKB1,AGID00529,1477,3050,Old,-1.0333
TCGA-LUSC,TCGA-37-3789,fd881d58-c9c7-479b-b76b-1f3c2ab1b015,TCGA-37-3789-01A,Primary Tumor,,7bd74433-22c8-42cb-80d6-52f6bc7e595c,TCGA-37-3789-01A-21-2193-20_RPPA_data.tsv,TP53,P53,AGID00050,481,9282,Old,-0.78095
TCGA-LUSC,TCGA-37-3789,fd881d58-c9c7-479b-b76b-1f3c2ab1b015,TCGA-37-3789-01A,Primary Tumor,,7bd74433-22c8-42cb-80d6-52f6bc7e595c,TCGA-37-3789-01A-21-2193-20_RPPA_data.tsv,TP63,P63,AGID00545,1415,ab53039,Old,0.56398
TCGA-LUSC,TCGA-56-5898,6467bc69-4e89-49f6-8912-fa86d513cf51,TCGA-56-5898-01A,Primary Tumor,,b1aaab64-28c6-4faa-8508-0e59de993b43,TCGA-56-5898-01A-12-2194-20_RPPA_data.tsv,BRAF,BRAF,AGID00355,92,1647/ab33899,Old,-0.54769
TCGA-LUSC,TCGA-56-5898,6467bc69-4e89-49f6-8912-fa86d513cf51,TCGA-56-5898-01A,Primary Tumor,,b1aaab64-28c6-4faa-8508-0e59de993b43,TCGA-56-5898-01A-12-2194-20_RPPA_data.tsv,BRAF,BRAF_pS445,AGID00014,94,2696,Old,0.06747
TCGA-LUSC,TCGA-56-5898,6467bc69-4e89-49f6-8912-fa86d513cf51,TCGA-56-5898-01A,Primary Tumor,,b1aaab64-28c6-4faa-8508-0e59de993b43,TCGA-56-5898-01A-12-2194-20_RPPA_data.tsv,CDKN2A,P16INK4A,AGID00420,466,1712-1/ab40803,Old,-0.32766
TCGA-LUSC,TCGA-56-5898,6467bc69-4e89-49f6-8912-fa86d513cf51,TCGA-56-5898-01A,Primary Tumor,,b1aaab64-28c6-4faa-8508-0e59de993b43,TCGA-56-5898-01A-12-2194-20_RPPA_data.tsv,EGFR,EGFR,AGID00152,1120,2232,Old,0.16901
TCGA-LUSC,TCGA-56-5898,6467bc69-4e89-49f6-8912-fa86d513cf51,TCGA-56-5898-01A,Primary Tumor,,b1aaab64-28c6-4faa-8508-0e59de993b43,TCGA-56-5898-01A-12-2194-20_RPPA_data.tsv,EGFR,EGFR_pY1068,AGID00450,217,2234,Old,1.1956
TCGA-LUSC,TCGA-56-5898,6467bc69-4e89-49f6-8912-fa86d513cf51,TCGA-56-5898-01A,Primary Tumor,,b1aaab64-28c6-4faa-8508-0e59de993b43,TCGA-56-5898-01A-12-2194-20_RPPA_data.tsv,EGFR,EGFR_pY1173,AGID00026,221,1124-1/ab32578,Old,0.75747
TCGA-LUSC,TCGA-56-5898,6467bc69-4e89-49f6-8912-fa86d513cf51,TCGA-56-5898-01A,Primary Tumor,,b1aaab64-28c6-4faa-8508-0e59de993b43,TCGA-56-5898-01A-12-2194-20_RPPA_data.tsv,ERBB2,HER2,AGID00131,1038,MS-325-P1,Old,-0.44924
TCGA-LUSC,TCGA-56-5898,6467bc69-4e89-49f6-8912-fa86d513cf51,TCGA-56-5898-01A,Primary Tumor,,b1aaab64-28c6-4faa-8508-0e59de993b43,TCGA-56-5898-01A-12-2194-20_RPPA_data.tsv,ERBB2,HER2_pY1248,AGID00142,299,06-229,Old,1.34
TCGA-LUSC,TCGA-56-5898,6467bc69-4e89-49f6-8912-fa86d513cf51,TCGA-56-5898-01A,Primary Tumor,,b1aaab64-28c6-4faa-8508-0e59de993b43,TCGA-56-5898-01A-12-2194-20_RPPA_data.tsv,MET,CMET,AGID00466,726,3127,Old,0.53852
TCGA-LUSC,TCGA-56-5898,6467bc69-4e89-49f6-8912-fa86d513cf51,TCGA-56-5898-01A,Primary Tumor,,b1aaab64-28c6-4faa-8508-0e59de993b43,TCGA-56-5898-01A-12-2194-20_RPPA_data.tsv,MET,CMET_pY1235,AGID00079,727,3129,Old,-0.14739
TCGA-LUSC,TCGA-56-5898,6467bc69-4e89-49f6-8912-fa86d513cf51,TCGA-56-5898-01A,Primary Tumor,,b1aaab64-28c6-4faa-8508-0e59de993b43,TCGA-56-5898-01A-12-2194-20_RPPA_data.tsv,NFE2L2,NRF2,AGID00257,1419,12721,Old,-0.057533
TCGA-LUSC,TCGA-56-5898,6467bc69-4e89-49f6-8912-fa86d513cf51,TCGA-56-5898-01A,Primary Tumor,,b1aaab64-28c6-4faa-8508-0e59de993b43,TCGA-56-5898-01A-12-2194-20_RPPA_data.tsv,NOTCH1,NOTCH1,AGID02155,2461,3608,Old,-0.18347
TCGA-LUSC,TCGA-56-5898,6467bc69-4e89-49f6-8912-fa86d513cf51,TCGA-56-5898-01A,Primary Tumor,,b1aaab64-28c6-4faa-8508-0e59de993b43,TCGA-56-5898-01A-12-2194-20_RPPA_data.tsv,NOTCH1,Notch1-cleaved,AGID00340,1969,4147,Set165,-0.0269865529854258
TCGA-LUSC,TCGA-56-5898,6467bc69-4e89-49f6-8912-fa86d513cf51,TCGA-56-5898-01A,Primary Tumor,,b1aaab64-28c6-4faa-8508-0e59de993b43,TCGA-56-5898-01A-12-2194-20_RPPA_data.tsv,PIK3CA,PI3KP110ALPHA,AGID00093,808,4255,Old,-0.0071157
TCGA-LUSC,TCGA-56-5898,6467bc69-4e89-49f6-8912-fa86d513cf51,TCGA-56-5898-01A,Primary Tumor,,b1aaab64-28c6-4faa-8508-0e59de993b43,TCGA-56-5898-01A-12-2194-20_RPPA_data.tsv,PTEN,PTEN,AGID00061,566,9552,Old,0.13257
TCGA-LUSC,TCGA-56-5898,6467bc69-4e89-49f6-8912-fa86d513cf51,TCGA-56-5898-01A,Primary Tumor,,b1aaab64-28c6-4faa-8508-0e59de993b43,TCGA-56-5898-01A-12-2194-20_RPPA_data.tsv,RET,RET_pY905,AGID00547,735,3221,Old,-0.019245
TCGA-LUSC,TCGA-56-5898,6467bc69-4e89-49f6-8912-fa86d513cf51,TCGA-56-5898-01A,Primary Tumor,,b1aaab64-28c6-4faa-8508-0e59de993b43,TCGA-56-5898-01A-12-2194-20_RPPA_data.tsv,SOX2,Sox2,AGID00298,1670,2748,Set165,2.64521985735541
TCGA-LUSC,TCGA-56-5898,6467bc69-4e89-49f6-8912-fa86d513cf51,TCGA-56-5898-01A,Primary Tumor,,b1aaab64-28c6-4faa-8508-0e59de993b43,TCGA-56-5898-01A-12-2194-20_RPPA_data.tsv,STK11,LKB1,AGID00529,1477,3050,Old,-0.22956
TCGA-LUSC,TCGA-56-5898,6467bc69-4e89-49f6-8912-fa86d513cf51,TCGA-56-5898-01A,Primary Tumor,,b1aaab64-28c6-4faa-8508-0e59de993b43,TCGA-56-5898-01A-12-2194-20_RPPA_data.tsv,TP53,P53,AGID00050,481,9282,Old,-0.37954
TCGA-LUSC,TCGA-56-5898,6467bc69-4e89-49f6-8912-fa86d513cf51,TCGA-56-5898-01A,Primary Tumor,,b1aaab64-28c6-4faa-8508-0e59de993b43,TCGA-56-5898-01A-12-2194-20_RPPA_data.tsv,TP63,P63,AGID00545,1415,ab53039,Old,1.2524
TCGA-LUSC,TCGA-60-2698,fd9ee494-65fe-4de4-adff-7952a059b17f,TCGA-60-2698-01A,Primary Tumor,,0c5bbc8b-f5d1-4aa6-8478-995c487e6cd4,TCGA-60-2698-01A-21-2193-20_RPPA_data.tsv,BRAF,BRAF,AGID00355,92,1647/ab33899,Old,-0.57289
TCGA-LUSC,TCGA-60-2698,fd9ee494-65fe-4de4-adff-7952a059b17f,TCGA-60-2698-01A,Primary Tumor,,0c5bbc8b-f5d1-4aa6-8478-995c487e6cd4,TCGA-60-2698-01A-21-2193-20_RPPA_data.tsv,BRAF,BRAF_pS445,AGID00014,94,2696,Old,-0.82509
TCGA-LUSC,TCGA-60-2698,fd9ee494-65fe-4de4-adff-7952a059b17f,TCGA-60-2698-01A,Primary Tumor,,0c5bbc8b-f5d1-4aa6-8478-995c487e6cd4,TCGA-60-2698-01A-21-2193-20_RPPA_data.tsv,CDKN2A,P16INK4A,AGID00420,466,1712-1/ab40803,Old,-0.093535
TCGA-LUSC,TCGA-60-2698,fd9ee494-65fe-4de4-adff-7952a059b17f,TCGA-60-2698-01A,Primary Tumor,,0c5bbc8b-f5d1-4aa6-8478-995c487e6cd4,TCGA-60-2698-01A-21-2193-20_RPPA_data.tsv,EGFR,EGFR,AGID00152,1120,2232,Old,1.4079
TCGA-LUSC,TCGA-60-2698,fd9ee494-65fe-4de4-adff-7952a059b17f,TCGA-60-2698-01A,Primary Tumor,,0c5bbc8b-f5d1-4aa6-8478-995c487e6cd4,TCGA-60-2698-01A-21-2193-20_RPPA_data.tsv,EGFR,EGFR_pY1068,AGID00450,217,2234,Old,3.1841
TCGA-LUSC,TCGA-60-2698,fd9ee494-65fe-4de4-adff-7952a059b17f,TCGA-60-2698-01A,Primary Tumor,,0c5bbc8b-f5d1-4aa6-8478-995c487e6cd4,TCGA-60-2698-01A-21-2193-20_RPPA_data.tsv,EGFR,EGFR_pY1173,AGID00026,221,1124-1/ab32578,Old,1.4012
TCGA-LUSC,TCGA-60-2698,fd9ee494-65fe-4de4-adff-7952a059b17f,TCGA-60-2698-01A,Primary Tumor,,0c5bbc8b-f5d1-4aa6-8478-995c487e6cd4,TCGA-60-2698-01A-21-2193-20_RPPA_data.tsv,ERBB2,HER2,AGID00131,1038,MS-325-P1,Old,0.60951
TCGA-LUSC,TCGA-60-2698,fd9ee494-65fe-4de4-adff-7952a059b17f,TCGA-60-2698-01A,Primary Tumor,,0c5bbc8b-f5d1-4aa6-8478-995c487e6cd4,TCGA-60-2698-01A-21-2193-20_RPPA_data.tsv,ERBB2,HER2_pY1248,AGID00142,299,06-229,Old,2.0602
TCGA-LUSC,TCGA-60-2698,fd9ee494-65fe-4de4-adff-7952a059b17f,TCGA-60-2698-01A,Primary Tumor,,0c5bbc8b-f5d1-4aa6-8478-995c487e6cd4,TCGA-60-2698-01A-21-2193-20_RPPA_data.tsv,MET,CMET,AGID00466,726,3127,Old,-0.030656
TCGA-LUSC,TCGA-60-2698,fd9ee494-65fe-4de4-adff-7952a059b17f,TCGA-60-2698-01A,Primary Tumor,,0c5bbc8b-f5d1-4aa6-8478-995c487e6cd4,TCGA-60-2698-01A-21-2193-20_RPPA_data.tsv,MET,CMET_pY1235,AGID00079,727,3129,Old,0.095872
TCGA-LUSC,TCGA-60-2698,fd9ee494-65fe-4de4-adff-7952a059b17f,TCGA-60-2698-01A,Primary Tumor,,0c5bbc8b-f5d1-4aa6-8478-995c487e6cd4,TCGA-60-2698-01A-21-2193-20_RPPA_data.tsv,NFE2L2,NRF2,AGID00257,1419,12721,Old,0.1138
TCGA-LUSC,TCGA-60-2698,fd9ee494-65fe-4de4-adff-7952a059b17f,TCGA-60-2698-01A,Primary Tumor,,0c5bbc8b-f5d1-4aa6-8478-995c487e6cd4,TCGA-60-2698-01A-21-2193-20_RPPA_data.tsv,NOTCH1,NOTCH1,AGID02155,2461,3608,Old,0.26878
TCGA-LUSC,TCGA-60-2698,fd9ee494-65fe-4de4-adff-7952a059b17f,TCGA-60-2698-01A,Primary Tumor,,0c5bbc8b-f5d1-4aa6-8478-995c487e6cd4,TCGA-60-2698-01A-21-2193-20_RPPA_data.tsv,NOTCH1,Notch1-cleaved,AGID00340,1969,4147,Set165,0.15538315712617
TCGA-LUSC,TCGA-60-2698,fd9ee494-65fe-4de4-adff-7952a059b17f,TCGA-60-2698-01A,Primary Tumor,,0c5bbc8b-f5d1-4aa6-8478-995c487e6cd4,TCGA-60-2698-01A-21-2193-20_RPPA_data.tsv,PIK3CA,PI3KP110ALPHA,AGID00093,808,4255,Old,-0.50571
TCGA-LUSC,TCGA-60-2698,fd9ee494-65fe-4de4-adff-7952a059b17f,TCGA-60-2698-01A,Primary Tumor,,0c5bbc8b-f5d1-4aa6-8478-995c487e6cd4,TCGA-60-2698-01A-21-2193-20_RPPA_data.tsv,PTEN,PTEN,AGID00061,566,9552,Old,-0.75844
TCGA-LUSC,TCGA-60-2698,fd9ee494-65fe-4de4-adff-7952a059b17f,TCGA-60-2698-01A,Primary Tumor,,0c5bbc8b-f5d1-4aa6-8478-995c487e6cd4,TCGA-60-2698-01A-21-2193-20_RPPA_data.tsv,RET,RET_pY905,AGID00547,735,3221,Old,-0.22731
TCGA-LUSC,TCGA-60-2698,fd9ee494-65fe-4de4-adff-7952a059b17f,TCGA-60-2698-01A,Primary Tumor,,0c5bbc8b-f5d1-4aa6-8478-995c487e6cd4,TCGA-60-2698-01A-21-2193-20_RPPA_data.tsv,SOX2,Sox2,AGID00298,1670,2748,Set165,3.15901362851814
TCGA-LUSC,TCGA-60-2698,fd9ee494-65fe-4de4-adff-7952a059b17f,TCGA-60-2698-01A,Primary Tumor,,0c5bbc8b-f5d1-4aa6-8478-995c487e6cd4,TCGA-60-2698-01A-21-2193-20_RPPA_data.tsv,STK11,LKB1,AGID00529,1477,3050,Old,0.035166
TCGA-LUSC,TCGA-60-2698,fd9ee494-65fe-4de4-adff-7952a059b17f,TCGA-60-2698-01A,Primary Tumor,,0c5bbc8b-f5d1-4aa6-8478-995c487e6cd4,TCGA-60-2698-01A-21-2193-20_RPPA_data.tsv,TP53,P53,AGID00050,481,9282,Old,-1.0956
TCGA-LUSC,TCGA-60-2698,fd9ee494-65fe-4de4-adff-7952a059b17f,TCGA-60-2698-01A,Primary Tumor,,0c5bbc8b-f5d1-4aa6-8478-995c487e6cd4,TCGA-60-2698-01A-21-2193-20_RPPA_data.tsv,TP63,P63,AGID00545,1415,ab53039,Old,0.58092
TCGA-LUSC,TCGA-70-6722,f7287eb4-c77d-4c67-a768-87fcccd668f5,TCGA-70-6722-01A,Primary Tumor,,6a237b49-1587-4be5-98b4-f22351f71093,TCGA-70-6722-01A-13-2194-20_RPPA_data.tsv,BRAF,BRAF,AGID00355,92,1647/ab33899,Old,-0.18432
TCGA-LUSC,TCGA-70-6722,f7287eb4-c77d-4c67-a768-87fcccd668f5,TCGA-70-6722-01A,Primary Tumor,,6a237b49-1587-4be5-98b4-f22351f71093,TCGA-70-6722-01A-13-2194-20_RPPA_data.tsv,BRAF,BRAF_pS445,AGID00014,94,2696,Old,-0.001584
TCGA-LUSC,TCGA-70-6722,f7287eb4-c77d-4c67-a768-87fcccd668f5,TCGA-70-6722-01A,Primary Tumor,,6a237b49-1587-4be5-98b4-f22351f71093,TCGA-70-6722-01A-13-2194-20_RPPA_data.tsv,CDKN2A,P16INK4A,AGID00420,466,1712-1/ab40803,Old,-0.19565
TCGA-LUSC,TCGA-70-6722,f7287eb4-c77d-4c67-a768-87fcccd668f5,TCGA-70-6722-01A,Primary Tumor,,6a237b49-1587-4be5-98b4-f22351f71093,TCGA-70-6722-01A-13-2194-20_RPPA_data.tsv,EGFR,EGFR,AGID00152,1120,2232,Old,1.7926
TCGA-LUSC,TCGA-70-6722,f7287eb4-c77d-4c67-a768-87fcccd668f5,TCGA-70-6722-01A,Primary Tumor,,6a237b49-1587-4be5-98b4-f22351f71093,TCGA-70-6722-01A-13-2194-20_RPPA_data.tsv,EGFR,EGFR_pY1068,AGID00450,217,2234,Old,0.61531
TCGA-LUSC,TCGA-70-6722,f7287eb4-c77d-4c67-a768-87fcccd668f5,TCGA-70-6722-01A,Primary Tumor,,6a237b49-1587-4be5-98b4-f22351f71093,TCGA-70-6722-01A-13-2194-20_RPPA_data.tsv,EGFR,EGFR_pY1173,AGID00026,221,1124-1/ab32578,Old,1.0502
TCGA-LUSC,TCGA-70-6722,f7287eb4-c77d-4c67-a768-87fcccd668f5,TCGA-70-6722-01A,Primary Tumor,,6a237b49-1587-4be5-98b4-f22351f71093,TCGA-70-6722-01A-13-2194-20_RPPA_data.tsv,ERBB2,HER2,AGID00131,1038,MS-325-P1,Old,-0.0482
TCGA-LUSC,TCGA-70-6722,f7287eb4-c77d-4c67-a768-87fcccd668f5,TCGA-70-6722-01A,Primary Tumor,,6a237b49-1587-4be5-98b4-f22351f71093,TCGA-70-6722-01A-13-2194-20_RPPA_data.tsv,ERBB2,HER2_pY1248,AGID00142,299,06-229,Old,0.15695
TCGA-LUSC,TCGA-70-6722,f7287eb4-c77d-4c67-a768-87fcccd668f5,TCGA-70-6722-01A,Primary Tumor,,6a237b49-1587-4be5-98b4-f22351f71093,TCGA-70-6722-01A-13-2194-20_RPPA_data.tsv,MET,CMET,AGID00466,726,3127,Old,0.36362
TCGA-LUSC,TCGA-70-6722,f7287eb4-c77d-4c67-a768-87fcccd668f5,TCGA-70-6722-01A,Primary Tumor,,6a237b49-1587-4be5-98b4-f22351f71093,TCGA-70-6722-01A-13-2194-20_RPPA_data.tsv,MET,CMET_pY1235,AGID00079,727,3129,Old,0.046524
TCGA-LUSC,TCGA-70-6722,f7287eb4-c77d-4c67-a768-87fcccd668f5,TCGA-70-6722-01A,Primary Tumor,,6a237b49-1587-4be5-98b4-f22351f71093,TCGA-70-6722-01A-13-2194-20_RPPA_data.tsv,NFE2L2,NRF2,AGID00257,1419,12721,Old,0.038218
TCGA-LUSC,TCGA-70-6722,f7287eb4-c77d-4c67-a768-87fcccd668f5,TCGA-70-6722-01A,Primary Tumor,,6a237b49-1587-4be5-98b4-f22351f71093,TCGA-70-6722-01A-13-2194-20_RPPA_data.tsv,NOTCH1,NOTCH1,AGID02155,2461,3608,Old,0.47515
TCGA-LUSC,TCGA-70-6722,f7287eb4-c77d-4c67-a768-87fcccd668f5,TCGA-70-6722-01A,Primary Tumor,,6a237b49-1587-4be5-98b4-f22351f71093,TCGA-70-6722-01A-13-2194-20_RPPA_data.tsv,NOTCH1,Notch1-cleaved,AGID00340,1969,4147,Set165,0.318272756665056
TCGA-LUSC,TCGA-70-6722,f7287eb4-c77d-4c67-a768-87fcccd668f5,TCGA-70-6722-01A,Primary Tumor,,6a237b49-1587-4be5-98b4-f22351f71093,TCGA-70-6722-01A-13-2194-20_RPPA_data.tsv,PIK3CA,PI3KP110ALPHA,AGID00093,808,4255,Old,-0.31689
TCGA-LUSC,TCGA-70-6722,f7287eb4-c77d-4c67-a768-87fcccd668f5,TCGA-70-6722-01A,Primary Tumor,,6a237b49-1587-4be5-98b4-f22351f71093,TCGA-70-6722-01A-13-2194-20_RPPA_data.tsv,PTEN,PTEN,AGID00061,566,9552,Old,0.55715
TCGA-LUSC,TCGA-70-6722,f7287eb4-c77d-4c67-a768-87fcccd668f5,TCGA-70-6722-01A,Primary Tumor,,6a237b49-1587-4be5-98b4-f22351f71093,TCGA-70-6722-01A-13-2194-20_RPPA_data.tsv,RET,RET_pY905,AGID00547,735,3221,Old,-0.44736
TCGA-LUSC,TCGA-70-6722,f7287eb4-c77d-4c67-a768-87fcccd668f5,TCGA-70-6722-01A,Primary Tumor,,6a237b49-1587-4be5-98b4-f22351f71093,TCGA-70-6722-01A-13-2194-20_RPPA_data.tsv,SOX2,Sox2,AGID00298,1670,2748,Set165,-0.176851678734567
TCGA-LUSC,TCGA-70-6722,f7287eb4-c77d-4c67-a768-87fcccd668f5,TCGA-70-6722-01A,Primary Tumor,,6a237b49-1587-4be5-98b4-f22351f71093,TCGA-70-6722-01A-13-2194-20_RPPA_data.tsv,STK11,LKB1,AGID00529,1477,3050,Old,0.024962
TCGA-LUSC,TCGA-70-6722,f7287eb4-c77d-4c67-a768-87fcccd668f5,TCGA-70-6722-01A,Primary Tumor,,6a237b49-1587-4be5-98b4-f22351f71093,TCGA-70-6722-01A-13-2194-20_RPPA_data.tsv,TP53,P53,AGID00050,481,9282,Old,-0.80562
TCGA-LUSC,TCGA-70-6722,f7287eb4-c77d-4c67-a768-87fcccd668f5,TCGA-70-6722-01A,Primary Tumor,,6a237b49-1587-4be5-98b4-f22351f71093,TCGA-70-6722-01A-13-2194-20_RPPA_data.tsv,TP63,P63,AGID00545,1415,ab53039,Old,-0.16345
TCGA-LUSC,TCGA-L3-A524,ff7099e1-8ff9-48e4-842d-46e98076e7e6,TCGA-L3-A524-01A,Primary Tumor,,1c859be4-0caa-4b7b-ac36-f5b349284d39,TCGA-L3-A524-01A-21-A45D-20_RPPA_data.tsv,BRAF,BRAF,AGID00355,92,1647/ab33899,Old,0.45074
TCGA-LUSC,TCGA-L3-A524,ff7099e1-8ff9-48e4-842d-46e98076e7e6,TCGA-L3-A524-01A,Primary Tumor,,1c859be4-0caa-4b7b-ac36-f5b349284d39,TCGA-L3-A524-01A-21-A45D-20_RPPA_data.tsv,BRAF,BRAF_pS445,AGID00014,94,2696,Old,0.10285
TCGA-LUSC,TCGA-L3-A524,ff7099e1-8ff9-48e4-842d-46e98076e7e6,TCGA-L3-A524-01A,Primary Tumor,,1c859be4-0caa-4b7b-ac36-f5b349284d39,TCGA-L3-A524-01A-21-A45D-20_RPPA_data.tsv,CDKN2A,P16INK4A,AGID00420,466,1712-1/ab40803,Old,-0.27595
TCGA-LUSC,TCGA-L3-A524,ff7099e1-8ff9-48e4-842d-46e98076e7e6,TCGA-L3-A524-01A,Primary Tumor,,1c859be4-0caa-4b7b-ac36-f5b349284d39,TCGA-L3-A524-01A-21-A45D-20_RPPA_data.tsv,EGFR,EGFR,AGID00152,1120,2232,Old,0.11915
TCGA-LUSC,TCGA-L3-A524,ff7099e1-8ff9-48e4-842d-46e98076e7e6,TCGA-L3-A524-01A,Primary Tumor,,1c859be4-0caa-4b7b-ac36-f5b349284d39,TCGA-L3-A524-01A-21-A45D-20_RPPA_data.tsv,EGFR,EGFR_pY1068,AGID00450,217,2234,Old,-0.022325
TCGA-LUSC,TCGA-L3-A524,ff7099e1-8ff9-48e4-842d-46e98076e7e6,TCGA-L3-A524-01A,Primary Tumor,,1c859be4-0caa-4b7b-ac36-f5b349284d39,TCGA-L3-A524-01A-21-A45D-20_RPPA_data.tsv,EGFR,EGFR_pY1173,AGID00026,221,1124-1/ab32578,Old,0.87814
TCGA-LUSC,TCGA-L3-A524,ff7099e1-8ff9-48e4-842d-46e98076e7e6,TCGA-L3-A524-01A,Primary Tumor,,1c859be4-0caa-4b7b-ac36-f5b349284d39,TCGA-L3-A524-01A-21-A45D-20_RPPA_data.tsv,ERBB2,HER2,AGID00131,1038,MS-325-P1,Old,0.040835
TCGA-LUSC,TCGA-L3-A524,ff7099e1-8ff9-48e4-842d-46e98076e7e6,TCGA-L3-A524-01A,Primary Tumor,,1c859be4-0caa-4b7b-ac36-f5b349284d39,TCGA-L3-A524-01A-21-A45D-20_RPPA_data.tsv,ERBB2,HER2_pY1248,AGID00142,299,06-229,Old,0.70139
TCGA-LUSC,TCGA-L3-A524,ff7099e1-8ff9-48e4-842d-46e98076e7e6,TCGA-L3-A524-01A,Primary Tumor,,1c859be4-0caa-4b7b-ac36-f5b349284d39,TCGA-L3-A524-01A-21-A45D-20_RPPA_data.tsv,MET,CMET,AGID00466,726,3127,Old,-0.10217
TCGA-LUSC,TCGA-L3-A524,ff7099e1-8ff9-48e4-842d-46e98076e7e6,TCGA-L3-A524-01A,Primary Tumor,,1c859be4-0caa-4b7b-ac36-f5b349284d39,TCGA-L3-A524-01A-21-A45D-20_RPPA_data.tsv,MET,CMET_pY1235,AGID00079,727,3129,Old,0.10225
TCGA-LUSC,TCGA-L3-A524,ff7099e1-8ff9-48e4-842d-46e98076e7e6,TCGA-L3-A524-01A,Primary Tumor,,1c859be4-0caa-4b7b-ac36-f5b349284d39,TCGA-L3-A524-01A-21-A45D-20_RPPA_data.tsv,NFE2L2,NRF2,AGID00257,1419,12721,Old,NA
TCGA-LUSC,TCGA-L3-A524,ff7099e1-8ff9-48e4-842d-46e98076e7e6,TCGA-L3-A524-01A,Primary Tumor,,1c859be4-0caa-4b7b-ac36-f5b349284d39,TCGA-L3-A524-01A-21-A45D-20_RPPA_data.tsv,NOTCH1,NOTCH1,AGID02155,2461,3608,Old,0.11164
TCGA-LUSC,TCGA-L3-A524,ff7099e1-8ff9-48e4-842d-46e98076e7e6,TCGA-L3-A524-01A,Primary Tumor,,1c859be4-0caa-4b7b-ac36-f5b349284d39,TCGA-L3-A524-01A-21-A45D-20_RPPA_data.tsv,NOTCH1,Notch1-cleaved,AGID00340,1969,4147,Set165,0.06127386
TCGA-LUSC,TCGA-L3-A524,ff7099e1-8ff9-48e4-842d-46e98076e7e6,TCGA-L3-A524-01A,Primary Tumor,,1c859be4-0caa-4b7b-ac36-f5b349284d39,TCGA-L3-A524-01A-21-A45D-20_RPPA_data.tsv,PIK3CA,PI3KP110ALPHA,AGID00093,808,4255,Old,-0.038761
TCGA-LUSC,TCGA-L3-A524,ff7099e1-8ff9-48e4-842d-46e98076e7e6,TCGA-L3-A524-01A,Primary Tumor,,1c859be4-0caa-4b7b-ac36-f5b349284d39,TCGA-L3-A524-01A-21-A45D-20_RPPA_data.tsv,PTEN,PTEN,AGID00061,566,9552,Old,0.29427
TCGA-LUSC,TCGA-L3-A524,ff7099e1-8ff9-48e4-842d-46e98076e7e6,TCGA-L3-A524-01A,Primary Tumor,,1c859be4-0caa-4b7b-ac36-f5b349284d39,TCGA-L3-A524-01A-21-A45D-20_RPPA_data.tsv,RET,RET_pY905,AGID00547,735,3221,Old,NA
TCGA-LUSC,TCGA-L3-A524,ff7099e1-8ff9-48e4-842d-46e98076e7e6,TCGA-L3-A524-01A,Primary Tumor,,1c859be4-0caa-4b7b-ac36-f5b349284d39,TCGA-L3-A524-01A-21-A45D-20_RPPA_data.tsv,SOX2,Sox2,AGID00298,1670,2748,Set165,4.835454
TCGA-LUSC,TCGA-L3-A524,ff7099e1-8ff9-48e4-842d-46e98076e7e6,TCGA-L3-A524-01A,Primary Tumor,,1c859be4-0caa-4b7b-ac36-f5b349284d39,TCGA-L3-A524-01A-21-A45D-20_RPPA_data.tsv,STK11,LKB1,AGID00529,1477,3050,Old,0.066001
TCGA-LUSC,TCGA-L3-A524,ff7099e1-8ff9-48e4-842d-46e98076e7e6,TCGA-L3-A524-01A,Primary Tumor,,1c859be4-0caa-4b7b-ac36-f5b349284d39,TCGA-L3-A524-01A-21-A45D-20_RPPA_data.tsv,TP53,P53,AGID00050,481,9282,Old,0.25276
TCGA-LUSC,TCGA-L3-A524,ff7099e1-8ff9-48e4-842d-46e98076e7e6,TCGA-L3-A524-01A,Primary Tumor,,1c859be4-0caa-4b7b-ac36-f5b349284d39,TCGA-L3-A524-01A-21-A45D-20_RPPA_data.tsv,TP63,P63,AGID00545,1415,ab53039,Old,NA
